file	line	definition(kernel owner)	token	Q1 position	message/head	in closure(drive)	in closure(consumer fine roots)	in closure(consumer step roots)	Q3 class	Q3 invariant / witness / need	cite	Q1 note
lean_frontend/CerbDecode.lean	41	CerbDecode.decode_integer_constant	panic!	TAIL	"Decode.decode_integer_constant: empty constant has no meaning (decode.ml:7-8 str.[0] rais	Y	Y	N	UNREACHABLE-BY-INVARIANT	no exec-path caller: decode_integer_constant is called only by the desugarer (Cabs_to_ail); it is in the kernel closure through module constants only	grep: Driver.lean references CerbDecode.decode_character_constant only	hand-written: body following a `let` line / match arm (read)
lean_frontend/CerbDecode.lean	121	_private.CerbDecode.0.CerbDecode.decode_character_constant_aux	panic!	TAIL	s!"decode_character_constant: invalid char constant ==> {str} (decode.ml:199-200)"	Y	Y	N	REACHABLE	witness tests/failure-probes/reach/args_backslash.c (--args "a\b"): both crash; input class HARNESS BOUNDARY (argv byte "\"); C program well-typed	driver.lem prepare_main_args: Decode.decode_character_constant (String.toString [c]); Driver.lean:575	hand-written: body following a `let` line / match arm (read)
lean_frontend/CerbDecode.lean	127	_private.CerbDecode.0.CerbDecode.decode_character_constant_aux	panic!	TAIL	"decode_character_constant, invalid constant: '\\x' (decode.ml:171-172)"	Y	Y	N	UNREACHABLE-BY-INVARIANT	structural: the only exec-path caller passes a ONE-character string (String.ofList [c]); the \x / octal / empty arms need ≥2 characters	Driver.lean:575 (generated prepare_main_args), CerbDecode.lean:127-146	hand-written: body following a `let` line / match arm (read)
lean_frontend/CerbDecode.lean	132	_private.CerbDecode.0.CerbDecode.decode_character_constant_aux	panic!	TAIL	s!"decode_character_constant, started like an hexa constant, but failed: {hexs} (decode.ml	Y	Y	N	UNREACHABLE-BY-INVARIANT	structural: the only exec-path caller passes a ONE-character string (String.ofList [c]); the \x / octal / empty arms need ≥2 characters	Driver.lean:575 (generated prepare_main_args), CerbDecode.lean:127-146	hand-written: body following a `let` line / match arm (read)
lean_frontend/CerbDecode.lean	144	_private.CerbDecode.0.CerbDecode.decode_character_constant_aux	panic!	TAIL	s!"decode_character_constant, started like an octal constant, but failed: {octs} (decode.m	Y	Y	N	UNREACHABLE-BY-INVARIANT	structural: the only exec-path caller passes a ONE-character string (String.ofList [c]); the \x / octal / empty arms need ≥2 characters	Driver.lean:575 (generated prepare_main_args), CerbDecode.lean:127-146	hand-written: body following a `let` line / match arm (read)
lean_frontend/CerbDecode.lean	146	_private.CerbDecode.0.CerbDecode.decode_character_constant_aux	panic!	TAIL	"decode_character_constant: empty constant (decode.ml:162-163)"	Y	Y	N	UNREACHABLE-BY-INVARIANT	structural: the only exec-path caller passes a ONE-character string (String.ofList [c]); the \x / octal / empty arms need ≥2 characters	Driver.lean:575 (generated prepare_main_args), CerbDecode.lean:127-146	hand-written: body following a `let` line / match arm (read)
lean_frontend/CerbDecode.lean	151	_private.CerbDecode.0.CerbDecode.decode_character_constant_aux	panic!	TAIL	s!"decode_character_constant: invalid char constant ==> {str} (decode.ml:199-200)"	Y	Y	N	REACHABLE	same route as :121 (the two "invalid char constant" arms share the single-byte input); :121 witnessed	CerbDecode.lean:121-151	hand-written: body following a `let` line / match arm (read)
lean_frontend/CerbFS.lean	229	CerbFS.fs_open	panic!	TAIL	(refusal s!"open of '{path}' with the NEGATIVE oflag {oflag}"	Y	Y	N	REACHABLE	family: class (c) filesystem refusals — each is the unconditional body of its fs_* entry point or a guard on the syscall arguments; reachable by any libc-mode program issuing that syscall shape (4 rows witnessed, this one by construction, unwitnessed); the ORACLE (SibylFS) typically succeeds: a one-sided declared boundary, not a both-crash	CerbFS.lean:23-90 header table; VALIDATION.md declared boundary	hand-written: body following a `let` line / match arm (read)
lean_frontend/CerbFS.lean	234	CerbFS.fs_open	panic!	TAIL	(refusal s!"open of '{path}' with O_EXCL (oflag {oflag})"	Y	Y	N	REACHABLE	family: class (c) filesystem refusals — each is the unconditional body of its fs_* entry point or a guard on the syscall arguments; reachable by any libc-mode program issuing that syscall shape (4 rows witnessed, this one by construction, unwitnessed); the ORACLE (SibylFS) typically succeeds: a one-sided declared boundary, not a both-crash	CerbFS.lean:23-90 header table; VALIDATION.md declared boundary	hand-written: body following a `let` line / match arm (read)
lean_frontend/CerbFS.lean	240	CerbFS.fs_open	panic!	TAIL	(refusal s!"open of the MISSING file '{path}' without O_CREAT (oflag {oflag})"	Y	Y	N	REACHABLE	family: class (c) filesystem refusals — each is the unconditional body of its fs_* entry point or a guard on the syscall arguments; reachable by any libc-mode program issuing that syscall shape (4 rows witnessed, this one by construction, unwitnessed); the ORACLE (SibylFS) typically succeeds: a one-sided declared boundary, not a both-crash	CerbFS.lean:23-90 header table; VALIDATION.md declared boundary	hand-written: body following a `let` line / match arm (read)
lean_frontend/CerbFS.lean	253	CerbFS.fs_open	panic!	TAIL	(refusal s!"open of the existing {contents.length}-byte file '{path}' with write/truncate/	Y	Y	N	REACHABLE	family: class (c) filesystem refusals — each is the unconditional body of its fs_* entry point or a guard on the syscall arguments; reachable by any libc-mode program issuing that syscall shape (4 rows witnessed, this one by construction, unwitnessed); the ORACLE (SibylFS) typically succeeds: a one-sided declared boundary, not a both-crash	CerbFS.lean:23-90 header table; VALIDATION.md declared boundary	hand-written: body following a `let` line / match arm (read)
lean_frontend/CerbFS.lean	260	CerbFS.fs_close	panic!	TAIL	(refusal s!"close of fd {fd}" "fds 0,1,2 are open in SibylFS's initial state; this model h	Y	Y	N	REACHABLE	witness tests/freebsd/cat.c: Lean PANIC at CerbFS.fs_close CerbFS:260:4, oracle exit 0 — class (c) refusal (close of fd 1)	q2_recorded_crash_rows.txt freebsd-cat	
lean_frontend/CerbFS.lean	282	CerbFS.fs_write	panic!	TAIL	(refusal s!"write on fd {fd} of {n} bytes from a {data.length}-byte buffer"	Y	Y	N	REACHABLE	family: class (c) filesystem refusals — each is the unconditional body of its fs_* entry point or a guard on the syscall arguments; reachable by any libc-mode program issuing that syscall shape (4 rows witnessed, this one by construction, unwitnessed); the ORACLE (SibylFS) typically succeeds: a one-sided declared boundary, not a both-crash	CerbFS.lean:23-90 header table; VALIDATION.md declared boundary	hand-written: body following a `let` line / match arm (read)
lean_frontend/CerbFS.lean	295	CerbFS.fs_write	panic!	TAIL	(refusal s!"write on fd {fd} whose file '{entry.path}' is gone" "the model's file table lo	Y	Y	N	REACHABLE	family: class (c) filesystem refusals — each is the unconditional body of its fs_* entry point or a guard on the syscall arguments; reachable by any libc-mode program issuing that syscall shape (4 rows witnessed, this one by construction, unwitnessed); the ORACLE (SibylFS) typically succeeds: a one-sided declared boundary, not a both-crash	CerbFS.lean:23-90 header table; VALIDATION.md declared boundary	hand-written: body following a `let` line / match arm (read)
lean_frontend/CerbFS.lean	309	CerbFS.fs_write	panic!	TAIL	(refusal s!"write on fd {fd} at offset {entry.offset} of the {contents.length}-byte file '	Y	Y	N	REACHABLE	family: class (c) filesystem refusals — each is the unconditional body of its fs_* entry point or a guard on the syscall arguments; reachable by any libc-mode program issuing that syscall shape (4 rows witnessed, this one by construction, unwitnessed); the ORACLE (SibylFS) typically succeeds: a one-sided declared boundary, not a both-crash	CerbFS.lean:23-90 header table; VALIDATION.md declared boundary	hand-written: body following a `let` line / match arm (read)
lean_frontend/CerbFS.lean	325	CerbFS.fs_read	panic!	TAIL	(refusal s!"read on fd {fd} whose file '{entry.path}' is gone" "the model's file table los	Y	Y	N	REACHABLE	family: class (c) filesystem refusals — each is the unconditional body of its fs_* entry point or a guard on the syscall arguments; reachable by any libc-mode program issuing that syscall shape (4 rows witnessed, this one by construction, unwitnessed); the ORACLE (SibylFS) typically succeeds: a one-sided declared boundary, not a both-crash	CerbFS.lean:23-90 header table; VALIDATION.md declared boundary	hand-written: body following a `let` line / match arm (read)
lean_frontend/CerbFS.lean	338	CerbFS.fs_read	panic!	TAIL	(refusal s!"read on fd {fd} at offset {entry.offset} of the {contents.length}-byte file '{	Y	Y	N	REACHABLE	witness tests/tcc/40_stdio.c (CI-sweep LEAN_CRASH row; q2 file): Lean exit 134 PANIC at CerbFS.fs_read CerbFS:338:8, ORACLE SUCCEEDS (exit 0) — class (c) filesystem refusal, declared boundary; input class filesystem boundary	q2_recorded_crash_rows.txt tcc-40_stdio	hand-written: body following a `let` line / match arm (read)
lean_frontend/CerbFS.lean	342	CerbFS.fs_mkdir	panic!	TAIL	(refusal s!"mkdir '{path}' (mode {mode})" "SibylFS creates a directory (EEXIST/ENOENT/EACC	Y	Y	N	REACHABLE	family: class (c) filesystem refusals — each is the unconditional body of its fs_* entry point or a guard on the syscall arguments; reachable by any libc-mode program issuing that syscall shape (4 rows witnessed, this one by construction, unwitnessed); the ORACLE (SibylFS) typically succeeds: a one-sided declared boundary, not a both-crash	CerbFS.lean:23-90 header table; VALIDATION.md declared boundary	
lean_frontend/CerbFS.lean	348	CerbFS.fs_pwrite	panic!	TAIL	(refusal s!"pwrite on fd {fd} of {n} bytes from a {data.length}-byte buffer"	Y	Y	N	REACHABLE	family: class (c) filesystem refusals — each is the unconditional body of its fs_* entry point or a guard on the syscall arguments; reachable by any libc-mode program issuing that syscall shape (4 rows witnessed, this one by construction, unwitnessed); the ORACLE (SibylFS) typically succeeds: a one-sided declared boundary, not a both-crash	CerbFS.lean:23-90 header table; VALIDATION.md declared boundary	hand-written: body following a `let` line / match arm (read)
lean_frontend/CerbFS.lean	356	CerbFS.fs_pwrite	panic!	TAIL	(refusal s!"pwrite on fd {fd} whose file '{entry.path}' is gone" "the model's file table l	Y	Y	N	REACHABLE	family: class (c) filesystem refusals — each is the unconditional body of its fs_* entry point or a guard on the syscall arguments; reachable by any libc-mode program issuing that syscall shape (4 rows witnessed, this one by construction, unwitnessed); the ORACLE (SibylFS) typically succeeds: a one-sided declared boundary, not a both-crash	CerbFS.lean:23-90 header table; VALIDATION.md declared boundary	hand-written: body following a `let` line / match arm (read)
lean_frontend/CerbFS.lean	369	CerbFS.fs_pwrite	panic!	TAIL	(refusal s!"pwrite on fd {fd} at requested offset {offset} of the {contents.length}-byte f	Y	Y	N	REACHABLE	family: class (c) filesystem refusals — each is the unconditional body of its fs_* entry point or a guard on the syscall arguments; reachable by any libc-mode program issuing that syscall shape (4 rows witnessed, this one by construction, unwitnessed); the ORACLE (SibylFS) typically succeeds: a one-sided declared boundary, not a both-crash	CerbFS.lean:23-90 header table; VALIDATION.md declared boundary	hand-written: body following a `let` line / match arm (read)
lean_frontend/CerbFS.lean	379	CerbFS.fs_pread	panic!	TAIL	(refusal s!"pread on fd {fd} whose file '{entry.path}' is gone" "the model's file table lo	Y	Y	N	REACHABLE	family: class (c) filesystem refusals — each is the unconditional body of its fs_* entry point or a guard on the syscall arguments; reachable by any libc-mode program issuing that syscall shape (4 rows witnessed, this one by construction, unwitnessed); the ORACLE (SibylFS) typically succeeds: a one-sided declared boundary, not a both-crash	CerbFS.lean:23-90 header table; VALIDATION.md declared boundary	hand-written: body following a `let` line / match arm (read)
lean_frontend/CerbFS.lean	392	CerbFS.fs_pread	panic!	TAIL	(refusal s!"pread on fd {fd} at requested offset {off} of the {contents.length}-byte file 	Y	Y	N	REACHABLE	family: class (c) filesystem refusals — each is the unconditional body of its fs_* entry point or a guard on the syscall arguments; reachable by any libc-mode program issuing that syscall shape (4 rows witnessed, this one by construction, unwitnessed); the ORACLE (SibylFS) typically succeeds: a one-sided declared boundary, not a both-crash	CerbFS.lean:23-90 header table; VALIDATION.md declared boundary	hand-written: body following a `let` line / match arm (read)
lean_frontend/CerbFS.lean	397	CerbFS.fs_rename	panic!	TAIL	(refusal s!"rename '{oldP}' → '{newP}' while an fd is open on one of them"	Y	Y	N	REACHABLE	family: class (c) filesystem refusals — each is the unconditional body of its fs_* entry point or a guard on the syscall arguments; reachable by any libc-mode program issuing that syscall shape (4 rows witnessed, this one by construction, unwitnessed); the ORACLE (SibylFS) typically succeeds: a one-sided declared boundary, not a both-crash	CerbFS.lean:23-90 header table; VALIDATION.md declared boundary	
lean_frontend/CerbFS.lean	413	CerbFS.fs_chmod	panic!	TAIL	(refusal s!"chmod '{path}' (mode {mode})" "SibylFS changes the mode (ENOENT/EPERM per POSI	Y	Y	N	REACHABLE	family: class (c) filesystem refusals — each is the unconditional body of its fs_* entry point or a guard on the syscall arguments; reachable by any libc-mode program issuing that syscall shape (4 rows witnessed, this one by construction, unwitnessed); the ORACLE (SibylFS) typically succeeds: a one-sided declared boundary, not a both-crash	CerbFS.lean:23-90 header table; VALIDATION.md declared boundary	
lean_frontend/CerbFS.lean	416	CerbFS.fs_chdir	panic!	TAIL	(refusal s!"chdir '{dir}'" "SibylFS resolves later relative paths against the new director	Y	Y	N	REACHABLE	family: class (c) filesystem refusals — each is the unconditional body of its fs_* entry point or a guard on the syscall arguments; reachable by any libc-mode program issuing that syscall shape (4 rows witnessed, this one by construction, unwitnessed); the ORACLE (SibylFS) typically succeeds: a one-sided declared boundary, not a both-crash	CerbFS.lean:23-90 header table; VALIDATION.md declared boundary	
lean_frontend/CerbFS.lean	419	CerbFS.fs_chown	panic!	TAIL	(refusal s!"chown '{path}' ({uid}:{gid})" "SibylFS changes the owner (ENOENT/EPERM per POS	Y	Y	N	REACHABLE	family: class (c) filesystem refusals — each is the unconditional body of its fs_* entry point or a guard on the syscall arguments; reachable by any libc-mode program issuing that syscall shape (4 rows witnessed, this one by construction, unwitnessed); the ORACLE (SibylFS) typically succeeds: a one-sided declared boundary, not a both-crash	CerbFS.lean:23-90 header table; VALIDATION.md declared boundary	
lean_frontend/CerbFS.lean	422	CerbFS.fs_link	panic!	TAIL	(refusal s!"link '{oldP}' → '{newP}'" "SibylFS creates a hard link (EEXIST/ENOENT per POSI	Y	Y	N	REACHABLE	family: class (c) filesystem refusals — each is the unconditional body of its fs_* entry point or a guard on the syscall arguments; reachable by any libc-mode program issuing that syscall shape (4 rows witnessed, this one by construction, unwitnessed); the ORACLE (SibylFS) typically succeeds: a one-sided declared boundary, not a both-crash	CerbFS.lean:23-90 header table; VALIDATION.md declared boundary	
lean_frontend/CerbFS.lean	425	CerbFS.fs_readlink	panic!	TAIL	(refusal s!"readlink '{path}'" "SibylFS reads the link target (EINVAL/ENOENT per POSIX); t	Y	Y	N	REACHABLE	family: class (c) filesystem refusals — each is the unconditional body of its fs_* entry point or a guard on the syscall arguments; reachable by any libc-mode program issuing that syscall shape (4 rows witnessed, this one by construction, unwitnessed); the ORACLE (SibylFS) typically succeeds: a one-sided declared boundary, not a both-crash	CerbFS.lean:23-90 header table; VALIDATION.md declared boundary	
lean_frontend/CerbFS.lean	428	CerbFS.fs_symlink	panic!	TAIL	(refusal s!"symlink '{target}' ← '{lpath}'" "SibylFS creates a symbolic link (EEXIST/ENOEN	Y	Y	N	REACHABLE	family: class (c) filesystem refusals — each is the unconditional body of its fs_* entry point or a guard on the syscall arguments; reachable by any libc-mode program issuing that syscall shape (4 rows witnessed, this one by construction, unwitnessed); the ORACLE (SibylFS) typically succeeds: a one-sided declared boundary, not a both-crash	CerbFS.lean:23-90 header table; VALIDATION.md declared boundary	
lean_frontend/CerbFS.lean	431	CerbFS.fs_rmdir	panic!	TAIL	(refusal s!"rmdir '{path}'" "SibylFS removes a directory (ENOENT/ENOTEMPTY/ENOTDIR per POS	Y	Y	N	REACHABLE	family: class (c) filesystem refusals — each is the unconditional body of its fs_* entry point or a guard on the syscall arguments; reachable by any libc-mode program issuing that syscall shape (4 rows witnessed, this one by construction, unwitnessed); the ORACLE (SibylFS) typically succeeds: a one-sided declared boundary, not a both-crash	CerbFS.lean:23-90 header table; VALIDATION.md declared boundary	
lean_frontend/CerbFS.lean	445	CerbFS.fs_truncate	panic!	TAIL	(refusal s!"truncate '{path}' to {len} while an fd is open on it"	Y	Y	N	REACHABLE	family: class (c) filesystem refusals — each is the unconditional body of its fs_* entry point or a guard on the syscall arguments; reachable by any libc-mode program issuing that syscall shape (4 rows witnessed, this one by construction, unwitnessed); the ORACLE (SibylFS) typically succeeds: a one-sided declared boundary, not a both-crash	CerbFS.lean:23-90 header table; VALIDATION.md declared boundary	
lean_frontend/CerbFS.lean	448	CerbFS.fs_truncate	panic!	TAIL	(refusal s!"truncate '{path}' ({contents.length} bytes) to the LARGER length {len}"	Y	Y	N	REACHABLE	family: class (c) filesystem refusals — each is the unconditional body of its fs_* entry point or a guard on the syscall arguments; reachable by any libc-mode program issuing that syscall shape (4 rows witnessed, this one by construction, unwitnessed); the ORACLE (SibylFS) typically succeeds: a one-sided declared boundary, not a both-crash	CerbFS.lean:23-90 header table; VALIDATION.md declared boundary	
lean_frontend/CerbFS.lean	456	CerbFS.fs_unlink	panic!	TAIL	(refusal s!"unlink '{path}' while an fd is open on it"	Y	Y	N	REACHABLE	family: class (c) filesystem refusals — each is the unconditional body of its fs_* entry point or a guard on the syscall arguments; reachable by any libc-mode program issuing that syscall shape (4 rows witnessed, this one by construction, unwitnessed); the ORACLE (SibylFS) typically succeeds: a one-sided declared boundary, not a both-crash	CerbFS.lean:23-90 header table; VALIDATION.md declared boundary	
lean_frontend/CerbFS.lean	469	CerbFS.fs_lseek	panic!	TAIL	(refusal s!"lseek on fd {fd}" "fds 0,1,2 are SibylFS's std fds; this model has no entry fo	Y	Y	N	REACHABLE	family: class (c) filesystem refusals — each is the unconditional body of its fs_* entry point or a guard on the syscall arguments; reachable by any libc-mode program issuing that syscall shape (4 rows witnessed, this one by construction, unwitnessed); the ORACLE (SibylFS) typically succeeds: a one-sided declared boundary, not a both-crash	CerbFS.lean:23-90 header table; VALIDATION.md declared boundary	
lean_frontend/CerbFS.lean	486	CerbFS.fs_lseek	panic!	TAIL	(refusal s!"lseek on fd {fd} whose file '{entry.path}' is gone" "the model's file table lo	Y	Y	N	REACHABLE	family: class (c) filesystem refusals — each is the unconditional body of its fs_* entry point or a guard on the syscall arguments; reachable by any libc-mode program issuing that syscall shape (4 rows witnessed, this one by construction, unwitnessed); the ORACLE (SibylFS) typically succeeds: a one-sided declared boundary, not a both-crash	CerbFS.lean:23-90 header table; VALIDATION.md declared boundary	
lean_frontend/CerbFS.lean	495	CerbFS.fs_lseek	panic!	TAIL	(refusal s!"lseek on fd {fd} to offset {newOffset} past the end of the {size}-byte file '{	Y	Y	N	REACHABLE	family: class (c) filesystem refusals — each is the unconditional body of its fs_* entry point or a guard on the syscall arguments; reachable by any libc-mode program issuing that syscall shape (4 rows witnessed, this one by construction, unwitnessed); the ORACLE (SibylFS) typically succeeds: a one-sided declared boundary, not a both-crash	CerbFS.lean:23-90 header table; VALIDATION.md declared boundary	hand-written: body following a `let` line / match arm (read)
lean_frontend/CerbFS.lean	504	CerbFS.fs_stat	panic!	TAIL	(refusal s!"stat '{path}'" "SibylFS answers the real st_dev/st_ino/st_mode/st_nlink/uid/gi	Y	Y	N	REACHABLE	witness tests/suite/fs/stat.c: Lean PANIC at CerbFS.fs_stat CerbFS:504:2, oracle exit 0 — class (c) refusal	q2_recorded_crash_rows.txt suite-fs-stat	
lean_frontend/CerbFS.lean	507	CerbFS.fs_lstat	panic!	TAIL	(refusal s!"lstat '{path}'" "SibylFS answers the real stat fields (no symlink following); 	Y	Y	N	REACHABLE	family: class (c) filesystem refusals — each is the unconditional body of its fs_* entry point or a guard on the syscall arguments; reachable by any libc-mode program issuing that syscall shape (4 rows witnessed, this one by construction, unwitnessed); the ORACLE (SibylFS) typically succeeds: a one-sided declared boundary, not a both-crash	CerbFS.lean:23-90 header table; VALIDATION.md declared boundary	
lean_frontend/CerbFS.lean	510	CerbFS.fs_opendir	panic!	TAIL	(refusal s!"opendir '{path}'" "SibylFS opens a directory stream (ENOENT/ENOTDIR per POSIX)	Y	Y	N	REACHABLE	witness tests/immaculate/libc/zd-z2f04-closedir.c: Lean PANIC at CerbFS.fs_opendir CerbFS:510:2; oracle crashes elsewhere (can_advance) — pinned MATCH | L=CRASH	q2_recorded_crash_rows.txt zd-z2f04-closedir	
lean_frontend/CerbFS.lean	513	CerbFS.fs_readdir	panic!	TAIL	(refusal s!"readdir on {dir}" "SibylFS answers the next entry name; this model answered an	Y	Y	N	REACHABLE	family: class (c) filesystem refusals — each is the unconditional body of its fs_* entry point or a guard on the syscall arguments; reachable by any libc-mode program issuing that syscall shape (4 rows witnessed, this one by construction, unwitnessed); the ORACLE (SibylFS) typically succeeds: a one-sided declared boundary, not a both-crash	CerbFS.lean:23-90 header table; VALIDATION.md declared boundary	
lean_frontend/CerbFS.lean	516	CerbFS.fs_rewinddir	panic!	TAIL	(refusal s!"rewinddir on {dir}" "SibylFS rewinds a directory stream; this model has no dir	Y	Y	N	REACHABLE	family: class (c) filesystem refusals — each is the unconditional body of its fs_* entry point or a guard on the syscall arguments; reachable by any libc-mode program issuing that syscall shape (4 rows witnessed, this one by construction, unwitnessed); the ORACLE (SibylFS) typically succeeds: a one-sided declared boundary, not a both-crash	CerbFS.lean:23-90 header table; VALIDATION.md declared boundary	
lean_frontend/CerbFS.lean	519	CerbFS.fs_closedir	panic!	TAIL	(refusal s!"closedir on {dir}" "SibylFS closes a directory stream; this model has no direc	Y	Y	N	REACHABLE	family: class (c) filesystem refusals — each is the unconditional body of its fs_* entry point or a guard on the syscall arguments; reachable by any libc-mode program issuing that syscall shape (4 rows witnessed, this one by construction, unwitnessed); the ORACLE (SibylFS) typically succeeds: a one-sided declared boundary, not a both-crash	CerbFS.lean:23-90 header table; VALIDATION.md declared boundary	
lean_frontend/CerbFloat.lean	307	CerbFloat.truncToInt	panic!	TAIL	"CerbFloat.truncToInt: nan/inf (OCaml Z.of_float raises Z.Overflow)"	Y	Y	Y	REACHABLE	witness tests/immaculate/nolibc/zd-z2fl03-nan-to-int.c: both crash (oracle Z.Overflow, Lean PANIC CerbFloat:307); input class UB ((int)NaN, ISO 6.3.1.4p1)	q2 file; IMMACULATE_PANICS	hand-written: body following a `let` line / match arm (read)
lean_frontend/CerbFunMapInstances.lean	84	instSetTypeGeneric_fun_map_decl_cerbFunMapInstances	failwithI	TAIL	"SetType generic_fun_map_decl: same-constructor compare \	N	N	N	UNREACHABLE-BY-INVARIANT	structural/phantom: the instance is required by initial_driver_state's generic fun-map set type; no set operation compares two same-constructor generic_fun_map_decl values; NOT in closure(drive) (FAILURE_CONS column)	CerbFunMapInstances.lean header; sites231.tsv closure(drive)=N	hand-written: body following a `let` line / match arm (read)
lean_frontend/CerbLocation.lean	133	_private.CerbLocation.0.CerbLocation.outerBbox	panic!	TAIL	"Cerb_location.outer_bbox: [] (cerb_location.ml:109-110 assert false)"	Y	Y	Y	UNREACHABLE-BY-INVARIANT	constructor discipline (not a theorem): Loc.regions [] is refused at construction by CabsImport.jsonToLoc (Z2-L-02); outerBbox is called on non-empty region lists	typed-failure design §1.1 P-loc; CerbLocation.lean:151,:263 callers	
lean_frontend/CerbMem.lean	274	CerbMem.combineProv	panic!	TAIL	"Concrete.combine_prov: found a Prov_symbolic"	Y	Y	Y	UNREACHABLE-BY-INVARIANT	config: Prov_symbolic arises only in the symbolic execution mode; the default mode is `none` and is a plain def since 2026-09-05	CerbGlobal.lean (current_execution_mode default); docs/2026-09-05_cerbglobal-defs-record.md	
lean_frontend/CerbMem.lean	275	CerbMem.combineProv	panic!	TAIL	"Concrete.combine_prov: found a Prov_symbolic"	Y	Y	Y	UNREACHABLE-BY-INVARIANT	config: Prov_symbolic arises only in the symbolic execution mode; the default mode is `none` and is a plain def since 2026-09-05	CerbGlobal.lean (current_execution_mode default); docs/2026-09-05_cerbglobal-defs-record.md	
lean_frontend/CerbMem.lean	330	CerbMem.targetPtrSize	panic!	TAIL	"the concrete memory model requires a complete implementation"	Y	Y	Y	UNREACHABLE-BY-INVARIANT	structural: LP64 implementation is complete (sizeof_pointer is `some 8`); the `none` arm is dead	CerberusImpl.lean sizeof_pointer	
lean_frontend/CerbMem.lean	415	CerbMem.offsetsof_lemFuel	panic!	TAIL	"CerbMem.offsetsof: unknown tag (OCaml: Pmap.find Not_found)"	Y	Y	Y	UNREACHABLE-BY-INVARIANT	typing: offsetof/sizeof require a complete struct type (constraint violation otherwise), and every complete tag is in tagDefs; historical LEAN_CRASH row pr44468.c is MATCH today	ail/genTyping.lem:1512-1516; final-reporting-summary.json movement pr44468.c	
lean_frontend/CerbMem.lean	443	CerbMem.sizeofCtype_lemFuel	panic!	TAIL	"CerbMem.sizeofCtype: Void (impl_mem.ml:134-135 assert false)"	Y	Y	Y	UNREACHABLE-BY-INVARIANT	typing: sizeof of an incomplete/function type is a constraint violation (§6.5.3.4#1) rejected by GenTyping	ail/genTyping.lem:1512-1516	
lean_frontend/CerbMem.lean	444	CerbMem.sizeofCtype_lemFuel	panic!	TAIL	"CerbMem.sizeofCtype: incomplete array (impl_mem.ml:134-135 assert false)"	Y	Y	Y	UNREACHABLE-BY-INVARIANT	typing: as Void (§6.5.3.4#1)	ail/genTyping.lem:1512-1516	
lean_frontend/CerbMem.lean	446	CerbMem.sizeofCtype_lemFuel	panic!	TAIL	"CerbMem.sizeofCtype: function type (impl_mem.ml:134-135 assert false)"	Y	Y	Y	UNREACHABLE-BY-INVARIANT	typing: as Void (§6.5.3.4#1)	ail/genTyping.lem:1512-1516	
lean_frontend/CerbMem.lean	450	CerbMem.sizeofCtype_lemFuel	panic!	TAIL	"the concrete memory model requires a complete implementation sizeof INTEGER"	Y	Y	Y	UNREACHABLE-BY-INVARIANT	structural (kernel-provable): CerberusImpl.sizeof_ity/sizeof_fty have no `none`-returning arm after normalise_integerType (every arm is `some _` or a panic), so the `none` arms downstream are dead	CerberusImpl.lean:170-183	
lean_frontend/CerbMem.lean	454	CerbMem.sizeofCtype_lemFuel	panic!	TAIL	"the concrete memory model requires a complete implementation sizeof FLOAT"	Y	Y	Y	UNREACHABLE-BY-INVARIANT	structural (kernel-provable): CerberusImpl.sizeof_ity/sizeof_fty have no `none`-returning arm after normalise_integerType (every arm is `some _` or a panic), so the `none` arms downstream are dead	CerberusImpl.lean:170-183	
lean_frontend/CerbMem.lean	478	CerbMem.sizeofCtype_lemFuel	panic!	TAIL	"CerbMem.sizeofCtype: Union tag not a UnionDef (OCaml: assert false / Not_found)"	Y	Y	Y	REACHABLE	witness tests/immaculate/nolibc/offsetof-union-member.c: both crash (oracle Failure("Tags definitions must be set…"), Lean PANIC CerbMem:478); input class WELL-TYPED UB-FREE C — a model bug (upstream asymmetry, tray candidate)	q2 file; baseline.txt offsetof-union-member MATCH | L=CRASH	
lean_frontend/CerbMem.lean	496	CerbMem.alignofCtype_lemFuel	panic!	TAIL	"CerbMem.alignofCtype: Void (impl_mem.ml:198-199 assert false)"	Y	Y	Y	UNREACHABLE-BY-INVARIANT	typing: _Alignof of an incomplete/function type is a constraint violation (§6.5.3.4#1)	ail/genTyping.lem:1512-1516 (same rule family)	
lean_frontend/CerbMem.lean	498	CerbMem.alignofCtype_lemFuel	panic!	TAIL	"CerbMem.alignofCtype: function type (impl_mem.ml:216-218 assert false)"	Y	Y	Y	UNREACHABLE-BY-INVARIANT	typing: as Void	ail/genTyping.lem:1512-1516	
lean_frontend/CerbMem.lean	502	CerbMem.alignofCtype_lemFuel	panic!	TAIL	"the concrete memory model requires a complete implementation alignof INTEGER"	Y	Y	Y	UNREACHABLE-BY-INVARIANT	structural (kernel-provable): CerberusImpl.sizeof_ity/sizeof_fty have no `none`-returning arm after normalise_integerType (every arm is `some _` or a panic), so the `none` arms downstream are dead	CerberusImpl.lean:170-183	
lean_frontend/CerbMem.lean	506	CerbMem.alignofCtype_lemFuel	panic!	TAIL	"the concrete memory model requires a complete implementation alignof FLOATING"	Y	Y	Y	UNREACHABLE-BY-INVARIANT	structural (kernel-provable): CerberusImpl.sizeof_ity/sizeof_fty have no `none`-returning arm after normalise_integerType (every arm is `some _` or a panic), so the `none` arms downstream are dead	CerberusImpl.lean:170-183	
lean_frontend/CerbMem.lean	521	CerbMem.alignofCtype_lemFuel	panic!	TAIL	"CerbMem.alignofCtype: Struct tag not a StructDef (OCaml: assert false / Not_found)"	Y	Y	Y	UNREACHABLE-BY-INVARIANT	typing/tag-kind consistency (not kernel-checked): a Struct tag in a ctype resolves to a StructDef in tagDefs (desugarer invariant)	CerbMem.lean:509-521; typed-failure design §1.1 P-layout	manual: arm of the OUTER match (indentation-scoped hand-written nesting; classifier picked the inner match)
lean_frontend/CerbMem.lean	531	CerbMem.alignofCtype_lemFuel	panic!	TAIL	"CerbMem.alignofCtype: Union tag not a UnionDef (OCaml: assert false / Not_found)"	Y	Y	Y	UNREACHABLE-BY-INVARIANT	model-shape (not a theorem): alignofCtype reads the ambient tagDefs for unions; witness alignof_union_member.c (_Alignof(struct R) with a union member) returned Specified(4) on both engines, so the offsetof asymmetry of :478 does not recur here; a Union0 tag resolving to a StructDef needs tag-kind inconsistency in tagDefs	q3_witness_outputs.txt alignof_union_member; CerbMem.lean:526-531	manual: arm of the OUTER match (indentation-scoped hand-written nesting; classifier picked the inner match)
lean_frontend/CerbMem.lean	598	CerbMem.intToBytes	panic!	TAIL	s!"failed: bytes_of_int({if signed then "signed" else "unsigned"}), i= {val_}, nbits= {tot	Y	Y	Y	UNKNOWN	needs a value-representability invariant (stored integer values lie in their type's range: Core conv_int/wrapI precede stores) — model-shape, no theorem	CerbMem.lean:596-598; core_eval.lem mk_conv_int	hand-written: body following a `let` line / match arm (read)
lean_frontend/CerbMem.lean	613	CerbMem.bytesToInt	panic!	TAIL	"Concrete.int_of_bytes: [] (impl_mem.ml:742-743 assert false)"	Y	Y	Y	UNREACHABLE-BY-INVARIANT	structural: integer sizes on LP64 are 1,2,4,8 (CerberusImpl.sizeof_ity), so byte lists handed to int_of_bytes are non-empty and ≤ 16	CerberusImpl.lean:170-183; CerbMem.lean:613-614	
lean_frontend/CerbMem.lean	614	CerbMem.bytesToInt	panic!	TAIL	"Concrete.int_of_bytes: more than 16 bytes (impl_mem.ml:744-745 assert false)"	Y	Y	Y	UNREACHABLE-BY-INVARIANT	structural: integer sizes on LP64 are 1,2,4,8 (CerberusImpl.sizeof_ity), so byte lists handed to int_of_bytes are non-empty and ≤ 16	CerberusImpl.lean:170-183; CerbMem.lean:613-614	
lean_frontend/CerbMem.lean	654	CerbMem.splitBytesProv	panic!	TAIL	"Concrete.AbsByte.split_bytes: called on an empty list"	Y	Y	Y	UNREACHABLE-BY-INVARIANT	structural: as bytesToInt (sizeof ≥ 1)	CerberusImpl.lean:170-183	
lean_frontend/CerbMem.lean	700	CerbMem.memValueToBytes_lemFuel	panic!	NON-TAIL/LET-BOUND	"the concrete memory model requires a complete implementation sizeof INTEGER"	Y	Y	Y	UNREACHABLE-BY-INVARIANT	structural (kernel-provable): CerberusImpl.sizeof_ity/sizeof_fty have no `none`-returning arm after normalise_integerType (every arm is `some _` or a panic), so the `none` arms downstream are dead	CerberusImpl.lean:170-183	
lean_frontend/CerbMem.lean	712	CerbMem.memValueToBytes_lemFuel	panic!	NON-TAIL/LET-BOUND	"the concrete memory model requires a complete implementation sizeof FLOAT"	Y	Y	Y	UNREACHABLE-BY-INVARIANT	structural (kernel-provable): CerberusImpl.sizeof_ity/sizeof_fty have no `none`-returning arm after normalise_integerType (every arm is `some _` or a panic), so the `none` arms downstream are dead	CerberusImpl.lean:170-183	
lean_frontend/CerbMem.lean	1045	CerbMem.reconstructValue_lemFuel	panic!	TAIL	s!"unknown function pointer: {ptrAddr}"	Y	Y	Y	REACHABLE	witness tests/failure-probes/reach/funptr_reload.c: both crash (oracle Failure("unknown function pointer: 2748"), Lean PANIC CerbMem:1045:18); input class IMPLEMENTATION-DEFINED (int→function-pointer conversion, §6.3.2.3p5; no call, no UB)	reach/README.md funptr_reload	hand-written: body following a `let` line / match arm (read)
lean_frontend/CerbMem.lean	1114	CerbMem.reconstructValue_lemFuel	panic!	TAIL	"CerbMem.reconstructValue: empty UnionDef (OCaml: match failure)"	Y	Y	Y	UNREACHABLE-BY-INVARIANT	typing: C forbids empty unions (§6.7.2.1#8 constraint) — the parser/desugarer rejects	ISO C11 6.7.2.1p8	hand-written: body following a `let` line / match arm (read)
lean_frontend/CerbMem.lean	1124	CerbMem.reconstructValue_lemFuel	panic!	NON-TAIL/LET-BOUND	"CerbMem.reconstructValue: recorded union member not in UnionDef (OCaml: assert false)"	Y	Y	Y	UNKNOWN	needs a memory well-formedness invariant (unionmap records only members of that union) — model-shape, no theorem	CerbMem.lean:1116-1124	
lean_frontend/CerbMem.lean	1128	CerbMem.reconstructValue_lemFuel	panic!	TAIL	"CerbMem.reconstructValue: Union tag not a UnionDef (OCaml: assert false)"	Y	Y	Y	UNREACHABLE-BY-INVARIANT	typing/tag-kind consistency (not kernel-checked): a Union0 tag resolves to a UnionDef	CerbMem.lean:1128	manual: arm of the OUTER match (indentation-scoped hand-written nesting; classifier picked the inner match)
lean_frontend/CerbMem.lean	1299	CerbMem.typeofMval_lemFuel	panic!	TAIL	"CerbMem.typeofMval: MVarray [] (OCaml: assert false, ill-formed value)"	Y	Y	Y	UNREACHABLE-BY-INVARIANT	typing: zero-length arrays are a constraint violation (§6.7.6.2#1); MVarray [] is never built	ISO C11 6.7.6.2p1; CerbMem.lean:1299	
lean_frontend/CerbMem.lean	1379	CerbMem.casePtrval	panic!	TAIL	"case_ptrval"	Y	Y	Y	REACHABLE	witness tests/immaculate/nolibc/zd-z2m02-device-funptr-call.c: both crash (oracle Failure("case_ptrval"), Lean PANIC CerbMem:1379:4); input class UB (call through a forged function pointer)	q2 file; IMMACULATE_PANICS	
lean_frontend/CerbMem.lean	1413	CerbMem.maxIval	panic!	NON-TAIL/LET-BOUND	"the concrete memory model requires a complete implementation MAX"	Y	Y	Y	UNREACHABLE-BY-INVARIANT	structural (kernel-provable): CerberusImpl.sizeof_ity/sizeof_fty have no `none`-returning arm after normalise_integerType (every arm is `some _` or a panic), so the `none` arms downstream are dead	CerberusImpl.lean:170-183	
lean_frontend/CerbMem.lean	1422	CerbMem.maxIval	panic!	NON-TAIL/ARGUMENT	"maxIval: Enum after typeof_enum (OCaml: assert false)")	Y	Y	Y	UNREACHABLE-BY-INVARIANT	structural: CerberusImpl.typeof_enum never returns an Enum0 (its codomain is the registered underlying type)	CerberusImpl.lean:55-74 typeof_enum	
lean_frontend/CerbMem.lean	1441	CerbMem.minIval	panic!	NON-TAIL/ARGUMENT	"the concrete memory model requires a complete implementation MIN"	Y	Y	Y	UNREACHABLE-BY-INVARIANT	structural (kernel-provable): CerberusImpl.sizeof_ity/sizeof_fty have no `none`-returning arm after normalise_integerType (every arm is `some _` or a panic), so the `none` arms downstream are dead	CerberusImpl.lean:170-183	
lean_frontend/CerbMem.lean	1443	CerbMem.minIval	panic!	NON-TAIL/ARGUMENT	"minIval: Enum after typeof_enum (OCaml: assert false)")	Y	Y	Y	UNREACHABLE-BY-INVARIANT	structural: CerberusImpl.typeof_enum never returns an Enum0 (its codomain is the registered underlying type)	CerberusImpl.lean:55-74 typeof_enum	
lean_frontend/CerbMem.lean	1535	CerbMem.opIval	panic!	TAIL	"CerbMem.opIval IntExp: negative exponent has no meaning in the model (impl_mem.ml:2490 Z.	Y	Y	Y	UNREACHABLE-BY-INVARIANT	dominance: Core `shl`/`shr` reach IntExp only after the shift-count UB checks (UB136/137) — the exponent is non-negative; registered Z2 §2.10	docs/2026-09-04_zero-discrepancy-Z2-record.md §2.10; CerbMem.lean:1535	manual: arm of the OUTER match (indentation-scoped hand-written nesting; classifier picked the inner match)
lean_frontend/CerbMem.lean	1551	CerbMem.offsetofIval	panic!	TAIL	"Concrete.offsetof_ival: invalid memb_ident"	Y	Y	Y	UNREACHABLE-BY-INVARIANT	typing: member access/offsetof names an existing member (Ail typing)	ail/genTyping.lem member rules; CerbMem.lean:1551	hand-written: body following a `let` line / match arm (read)
lean_frontend/CerbMem.lean	1724	CerbMem.arrayShiftPtrval	panic!	TAIL	"Concrete.array_shift_ptrval found a Prov_symbolic"	Y	Y	Y	UNREACHABLE-BY-INVARIANT	config: Prov_symbolic only in symbolic mode	CerbGlobal.lean current_execution_mode	hand-written: body following a `let` line / match arm (read)
lean_frontend/CerbMem.lean	1726	CerbMem.arrayShiftPtrval	panic!	TAIL	s!"TODO(pure shift a null pointer should be undefined behaviour), offset:{offset}"	Y	Y	Y	REACHABLE	witness tests/minimal/097-null-ptr-arith.undef.c: both crash (oracle Failure("TODO(pure shift a null pointer…"), Lean PANIC CerbMem:1726:6); input class UB (arithmetic on a null pointer)	q2 file; gcc_oracle_baseline SKIP_LEAN_CRASH row	hand-written: body following a `let` line / match arm (read)
lean_frontend/CerbMem.lean	1727	CerbMem.arrayShiftPtrval	panic!	TAIL	"Concrete.array_shift_ptrval, PVfunction"	Y	Y	Y	UNKNOWN	the tested route ((char*)main + 1, witness funptr_arith.c) is dominated by the typed `Error MerrOther "called isWellAligned_ptrval on function pointer"` on both engines; another route to array_shift on a PVfunction is not excluded	q3_witness_outputs.txt funptr_arith	hand-written: body following a `let` line / match arm (read)
lean_frontend/CerbMem.lean	1750	CerbMem.memberShiftPtrval	panic!	TAIL	"Concrete.member_shift_ptrval, PVfunction (impl_mem.ml:2239-2240)"	Y	Y	Y	UNKNOWN	untested route (((struct S*)main)->x) — same family as :1727; bounded effort	CerbMem.lean:1750	hand-written: body following a `let` line / match arm (read)
lean_frontend/CerbMem.lean	1762	CerbMem.bytefromint	panic!	TAIL	"CerbMem.bytefromint: value out of byte range (impl_mem.ml:2776 assert)"	Y	Y	Y	UNREACHABLE-BY-INVARIANT	structural (byte range): AbsByte values are produced by intToBytes in 0..255	CerbMem.lean:1762; intToBytes	
lean_frontend/CerbMem.lean	1770	CerbMem.intfrombyte	panic!	TAIL	"CerbMem.intfrombyte: value out of byte range (impl_mem.ml:2780 assert)"	Y	Y	Y	UNREACHABLE-BY-INVARIANT	structural (byte range): as bytefromint	CerbMem.lean:1770	
lean_frontend/CerbMem.lean	1981	CerbMem.deriveCap	panic!	TAIL	"assert false (* CHERI only *): Concrete.derive_cap (impl_mem.ml:2175-2176)"	Y	Y	Y	UNREACHABLE-BY-INVARIANT	config: CerbGlobal.is_CHERI is the plain def `false` since 2026-09-05 (kernel-dead by simp)	CerbGlobal.lean is_CHERI; docs/2026-09-05_cerbglobal-defs-record.md	
lean_frontend/CerbMem.lean	1983	CerbMem.capAssignValue	panic!	TAIL	"assert false (* CHERI only *): Concrete.cap_assign_value (impl_mem.ml:2178-2179)"	Y	Y	Y	UNREACHABLE-BY-INVARIANT	config: CerbGlobal.is_CHERI is the plain def `false` since 2026-09-05 (kernel-dead by simp)	CerbGlobal.lean is_CHERI; docs/2026-09-05_cerbglobal-defs-record.md	
lean_frontend/CerbMem.lean	1985	CerbMem.nullCap	panic!	TAIL	"assert false (* CHERI only *): Concrete.null_cap (impl_mem.ml:2184-2185)"	Y	Y	Y	UNREACHABLE-BY-INVARIANT	config: CerbGlobal.is_CHERI is the plain def `false` since 2026-09-05 (kernel-dead by simp)	CerbGlobal.lean is_CHERI; docs/2026-09-05_cerbglobal-defs-record.md	
lean_frontend/CerbMem.lean	1987	CerbMem.ptrTIntValue	panic!	TAIL	"assert false (* CHERI only *): Concrete.ptr_t_int_value (impl_mem.ml:2181-2182)"	Y	Y	Y	UNREACHABLE-BY-INVARIANT	config: CerbGlobal.is_CHERI is the plain def `false` since 2026-09-05 (kernel-dead by simp)	CerbGlobal.lean is_CHERI; docs/2026-09-05_cerbglobal-defs-record.md	
lean_frontend/CerbStepInstances.lean	155	_private.CerbStepInstances.0.beqCoreStep2	failwithI	TAIL	"BEq core_step2: functional value (Step_ccall2)" : Bool)	Y	Y	N	UNREACHABLE-BY-INVARIANT	structural (call-site shape): the only `==` uses on core_step2 compare against the nullary Step_blocked2 (`step1 != Step_blocked2`, `maybeEqualBy … (some Step_blocked2)`); same-constructor closure arms never execute	Driver.lean:425 (generated driver2); CerbStepInstances.lean:60-63 header	
lean_frontend/CerbStepInstances.lean	157	_private.CerbStepInstances.0.beqCoreStep2	failwithI	TAIL	"BEq core_step2: functional value (Step_with_runstate2)" : Bool)	Y	Y	N	UNREACHABLE-BY-INVARIANT	structural (call-site shape): the only `==` uses on core_step2 compare against the nullary Step_blocked2 (`step1 != Step_blocked2`, `maybeEqualBy … (some Step_blocked2)`); same-constructor closure arms never execute	Driver.lean:425 (generated driver2); CerbStepInstances.lean:60-63 header	
lean_frontend/CerbStepInstances.lean	159	_private.CerbStepInstances.0.beqCoreStep2	failwithI	TAIL	"BEq core_step2: functional value (Step_tau2)" : Bool)	Y	Y	N	UNREACHABLE-BY-INVARIANT	structural (call-site shape): the only `==` uses on core_step2 compare against the nullary Step_blocked2 (`step1 != Step_blocked2`, `maybeEqualBy … (some Step_blocked2)`); same-constructor closure arms never execute	Driver.lean:425 (generated driver2); CerbStepInstances.lean:60-63 header	
lean_frontend/CerbStepInstances.lean	161	_private.CerbStepInstances.0.beqCoreStep2	failwithI	TAIL	"BEq core_step2: functional value (Step_action_request2)" : Bool)	Y	Y	N	UNREACHABLE-BY-INVARIANT	structural (call-site shape): the only `==` uses on core_step2 compare against the nullary Step_blocked2 (`step1 != Step_blocked2`, `maybeEqualBy … (some Step_blocked2)`); same-constructor closure arms never execute	Driver.lean:425 (generated driver2); CerbStepInstances.lean:60-63 header	
lean_frontend/CerbStepInstances.lean	163	_private.CerbStepInstances.0.beqCoreStep2	failwithI	TAIL	"BEq core_step2: functional value (Step_memop_request2)" : Bool)	Y	Y	N	UNREACHABLE-BY-INVARIANT	structural (call-site shape): the only `==` uses on core_step2 compare against the nullary Step_blocked2 (`step1 != Step_blocked2`, `maybeEqualBy … (some Step_blocked2)`); same-constructor closure arms never execute	Driver.lean:425 (generated driver2); CerbStepInstances.lean:60-63 header	
lean_frontend/CerbStepInstances.lean	165	_private.CerbStepInstances.0.beqCoreStep2	failwithI	TAIL	"BEq core_step2: functional value (Step_spawn_threads2)" : Bool)	Y	Y	N	UNREACHABLE-BY-INVARIANT	structural (call-site shape): the only `==` uses on core_step2 compare against the nullary Step_blocked2 (`step1 != Step_blocked2`, `maybeEqualBy … (some Step_blocked2)`); same-constructor closure arms never execute	Driver.lean:425 (generated driver2); CerbStepInstances.lean:60-63 header	
lean_frontend/CerbStepInstances.lean	167	_private.CerbStepInstances.0.beqCoreStep2	failwithI	TAIL	"BEq core_step2: functional value (Step_fs2)" : Bool)	Y	Y	N	UNREACHABLE-BY-INVARIANT	structural (call-site shape): the only `==` uses on core_step2 compare against the nullary Step_blocked2 (`step1 != Step_blocked2`, `maybeEqualBy … (some Step_blocked2)`); same-constructor closure arms never execute	Driver.lean:425 (generated driver2); CerbStepInstances.lean:60-63 header	
lean_frontend/CerbStepInstances.lean	169	_private.CerbStepInstances.0.beqCoreStep2	failwithI	TAIL	"BEq core_step2: functional value (Step_nd2)" : Bool)	Y	Y	N	UNREACHABLE-BY-INVARIANT	structural (call-site shape): the only `==` uses on core_step2 compare against the nullary Step_blocked2 (`step1 != Step_blocked2`, `maybeEqualBy … (some Step_blocked2)`); same-constructor closure arms never execute	Driver.lean:425 (generated driver2); CerbStepInstances.lean:60-63 header	
lean_frontend/CerbUtils.lean	136	CerbUtils.gcc_builtin_ctz	panic!	TAIL	"Ocaml_gcc_builtins.ctz: zero argument (ocaml_gcc_builtins.ml:5 assert)"	Y	Y	Y	UNREACHABLE-BY-INVARIANT	dominance: `__builtin_ctz(0)` yields `Undefined {ub: "DUMMY(__builtin_ctz)"}` on both engines before the model ctz runs (witness ctz0.c)	q3_witness_outputs.txt ctz0	
lean_frontend/CerbUtils.lean	146	CerbUtils.gcc_builtin_bswap16	panic!	TAIL	"Ocaml_gcc_builtins.bswap16: out of range (ocaml_gcc_builtins.ml:15 assert)"	Y	Y	Y	UNREACHABLE-BY-INVARIANT	typing/promotion: the uint16_t parameter converts the argument into range (witness bswap16_range.c: Specified(35) both engines)	q3_witness_outputs.txt bswap16_range	
lean_frontend/CerbUtils.lean	155	CerbUtils.gcc_builtin_bswap32	panic!	TAIL	"Ocaml_gcc_builtins.bswap32: out of range (ocaml_gcc_builtins.ml:22 assert)"	Y	Y	Y	UNREACHABLE-BY-INVARIANT	typing/promotion: as bswap16 (uint32_t parameter)	CerbUtils.lean:155	
lean_frontend/CerbUtils.lean	172	CerbUtils.gcc_builtin_bswap64	panic!	TAIL	"Ocaml_gcc_builtins.bswap64: Z.to_int64 overflow (ocaml_gcc_builtins.ml:30)"	Y	Y	Y	REACHABLE	witness tests/immaculate/nolibc/g4-bswap64-overflow.c: both crash (oracle Z.Overflow, Lean PANIC CerbUtils:172:4); input class LEGAL C (uint64_t ≥ 2^63) — ORACLE-WRONG (tray 12), mirrored	q2 file; baseline.txt g4-bswap64-overflow	
lean_frontend/CerberusImpl.lean	142	CerberusImpl.aux_ibty	panic!	TAIL	s!"DefaultImpl.type_alias_map has no alias for an N-family width of {n} (ocaml_implementat	Y	Y	Y	UNREACHABLE-BY-INVARIANT	structural/pin: the N-family alias table covers the four stdint widths; `__int128` is rejected by the parser (witness int128.c: cabs-json error)	CerberusImpl.lean:130-142; q3_witness_outputs.txt int128	hand-written: body following a `let` line / match arm (read)
lean_frontend/CerberusImpl.lean	179	CerberusImpl.sizeof_ity	panic!	NON-TAIL/ARGUMENT	"assert false: DefaultImpl.sizeof_ity reached an un-normalised base type (ocaml_implementa	Y	Y	Y	UNREACHABLE-BY-INVARIANT	structural (kernel-provable): the match is on normalise_integerType's result, whose codomain excludes the N-families/Intmax_t/Intptr_t/Enum/Wchar_t/Wint_t/Size_t/Ptrdiff_t	CerberusImpl.lean:170-183, normalise_integerType	
lean_frontend/CerberusImpl.lean	181	CerberusImpl.sizeof_ity	panic!	TAIL	"assert false: DefaultImpl.sizeof_ity reached an un-normalised type (ocaml_implementation.	Y	Y	Y	UNREACHABLE-BY-INVARIANT	structural (kernel-provable): the match is on normalise_integerType's result, whose codomain excludes the N-families/Intmax_t/Intptr_t/Enum/Wchar_t/Wint_t/Size_t/Ptrdiff_t	CerberusImpl.lean:170-183, normalise_integerType	
lean_frontend/generated/Builtins.lean	46	translate_errno	failwithI	TAIL	(String.append "Unknown errno code: "  str) : Int)	Y	Y	N	UNREACHABLE-BY-INVARIANT	pin/structural: the only errno strings the fs model emits are "EINVAL" (5 sites in CerbFS.lean) and "__cerbvar_EINVAL" is in the table	driver.lem:213; builtins.lem:118; grep CerbFS.lean `.other "EINVAL"` ×5	
lean_frontend/generated/Core_aux.lean	75	core_object_type_of_ctype	failwithI	TAIL	"Core_aux.core_object_type_of_ctype: Array found a Nothing" : Option (core_object_type))  	Y	Y	Y	UNREACHABLE-BY-INVARIANT	typing: memory values carry complete object types (no incomplete arrays, no function types) — §6.2.5#1; the arms are the non-object cases	core_aux.lem core_object_type_of_ctype; translation.lem:690 force_core_object_type_of_ctype on object types	
lean_frontend/generated/Core_aux.lean	75	core_object_type_of_ctype	failwithI	TAIL	"core_object_type_of_ctype: not core function object" : Option (core_object_type)) |  Func	Y	Y	Y	UNREACHABLE-BY-INVARIANT	typing: memory values carry complete object types (no incomplete arrays, no function types) — §6.2.5#1; the arms are the non-object cases	core_aux.lem core_object_type_of_ctype; translation.lem:690 force_core_object_type_of_ctype on object types	
lean_frontend/generated/Core_aux.lean	75	core_object_type_of_ctype	failwithI	TAIL	"core_object_type_of_ctype: not core function (no params) object" : Option (core_object_ty	Y	Y	Y	UNREACHABLE-BY-INVARIANT	typing: memory values carry complete object types (no incomplete arrays, no function types) — §6.2.5#1; the arms are the non-object cases	core_aux.lem core_object_type_of_ctype; translation.lem:690 force_core_object_type_of_ctype on object types	
lean_frontend/generated/Core_aux.lean	90	loadedValueFromMemValue_lemFuel	failwithI	NON-TAIL/LAMBDA-BODY	"[Core_aux.loadedValueFromMemValue] concurrency read" : (core_object_type ×loaded_value)))	Y	Y	Y	UNREACHABLE-BY-INVARIANT	structural: the concrete memory model never constructs MVconcurRead (0 constructions in CerbMem.lean); the callback exists for the interface	grep MVconcurRead CerbMem.lean = 0	
lean_frontend/generated/Core_aux.lean	90	loadedValueFromMemValue_lemFuel	failwithI	NON-TAIL/LAMBDA-BODY	"[Core_aux.loadedValueFromMemValue] empty array" : (core_object_type ×loaded_value)) |  (o	Y	Y	Y	UNREACHABLE-BY-INVARIANT	typing: zero-length arrays rejected (§6.7.6.2#1); array mem-values are non-empty	ISO C11 6.7.6.2p1	
lean_frontend/generated/Core_aux.lean	90	loadedValueFromMemValue_lemFuel	failwithI	NON-TAIL/LAMBDA-BODY	"[Core_aux.loadedValueFromMemValue] heterogenous array" : (core_object_type ×loaded_value)	Y	Y	Y	UNREACHABLE-BY-INVARIANT	model-shape (not a theorem): reconstructValue builds every array value from ONE element type	CerbMem.lean reconstructValue array arm	
lean_frontend/generated/Core_aux.lean	100	valueFromMemValue	failwithI	NON-TAIL/LAMBDA-BODY	"[Core_aux.valueFromMemValue] concurrency read" : (core_object_type ×value)))      (fun ( 	Y	Y	Y	UNREACHABLE-BY-INVARIANT	structural: the concrete memory model never constructs MVconcurRead (0 constructions in CerbMem.lean); the callback exists for the interface	grep MVconcurRead CerbMem.lean = 0	
lean_frontend/generated/Core_aux.lean	100	valueFromMemValue	failwithI	NON-TAIL/LET-BOUND	"Core_aux.valueFromMemValue ==> empty array" : core_object_type) |  oTy  ::  _ =>         	Y	Y	Y	UNREACHABLE-BY-INVARIANT	typing: zero-length arrays rejected (§6.7.6.2#1); array mem-values are non-empty	ISO C11 6.7.6.2p1	
lean_frontend/generated/Core_aux.lean	125	mk_tuple_pat	failwithI	TAIL	"[Core_aux.mk_tuple_pat] called with |pats| = 0" : generic_pattern (sym)) |  [pat] =>     	Y	Y	Y	UNREACHABLE-BY-INVARIANT	model-shape: exec-path callers (Core_reduction) build tuple patterns from non-empty unseq lists; an empty Eunseq is itself an error arm	core_reduction.lem; Core_run.lean:424 "BOOM Core_run, Eunseq, empty list"	
lean_frontend/generated/Core_aux.lean	539	subst_pattern_val_lemFuel	failwithI	TAIL	( String.append "WIP: Core_aux.subst_pattern_val ==> ctor= "   (String.append str_ctor    	Y	Y	Y	UNREACHABLE-BY-INVARIANT	typing: the catch-all arm is a pattern/value shape mismatch on an irrefutable (let/wseq/sseq) pattern; Core typing makes pattern and value types agree	core_aux.lem subst_pattern_val (CaseCtor ctor pats, _) arm; core_typing.lem:30-75 infer_pattern/typecheck_pattern	
lean_frontend/generated/Core_aux.lean	594	to_pure_lemFuel	failwithI	TAIL	"to_pure Eannot" : Option (generic_pexpr (Unit) (sym))) |  Eexcluded  _  _ => (failwithI  	Y	Y	Y	UNREACHABLE-BY-INVARIANT	model-shape: to_pure is called (finalize, driver_globals) only when the arena is `Epure` of a value — Step_done requires it (core_run.lem:1557-1589) — and returns without descending	core_run.lem:1557-1589; driver.lem:1477,:1614	
lean_frontend/generated/Core_aux.lean	594	to_pure_lemFuel	failwithI	TAIL	"to_pure Eexcluded" : Option (generic_pexpr (Unit) (sym))) |  Ecase  pe  pat_es => (      	Y	Y	Y	UNREACHABLE-BY-INVARIANT	model-shape: to_pure is called (finalize, driver_globals) only when the arena is `Epure` of a value — Step_done requires it (core_run.lem:1557-1589) — and returns without descending	core_run.lem:1557-1589; driver.lem:1477,:1614	
lean_frontend/generated/Core_aux.lean	901	update_env_aux_lemFuel	failwithI	TAIL	( String.append "WIP: Core_aux.update_env_aux ==> ctor= "   (String.append str_ctor       	Y	Y	Y	UNREACHABLE-BY-INVARIANT	typing: as subst_pattern_val	core_aux.lem update_env_aux; core_typing.lem:30-75	
lean_frontend/generated/Core_aux.lean	908	update_env	failwithI	TAIL	"Core_aux.update_env: found empty env" : List (Fmap (sym) (value))) |  env1 :: xs =>      	Y	Y	Y	UNREACHABLE-BY-INVARIANT	model-shape (not a theorem): the thread env is initialised `[Map.empty]` and pushed/popped in pairs	driver.lem:1571	
lean_frontend/generated/Core_eval.lean	77	mk_wrapI	failwithI	TAIL	"Core_eval.mk_wrapI" : CerbMem.IntegerValue) |  some  r =>                CerbMem.integerI	Y	Y	Y	UNREACHABLE-BY-INVARIANT	structural (kernel-provable): eval_integer_value is total — IntegerValue has the single constructor IV and caseIntegerValue never invokes the `Nothing` callback	CerbMem.lean:68-70, :1620-1622; Mem.lean:214	
lean_frontend/generated/Core_eval.lean	77	mk_wrapI	failwithI	TAIL	"Core_eval.mk_wrapI" : CerbMem.IntegerValue)	Y	Y	Y	UNREACHABLE-BY-INVARIANT	structural (kernel-provable): eval_integer_value is total — IntegerValue has the single constructor IV and caseIntegerValue never invokes the `Nothing` callback	CerbMem.lean:68-70, :1620-1622; Mem.lean:214	
lean_frontend/generated/Core_eval.lean	93	mk_conv_int	failwithI	TAIL	"Core_eval.mk_conv_int" : CerbMem.IntegerValue) |  some  n => (         if  integerTypeEqu	Y	Y	Y	UNREACHABLE-BY-INVARIANT	structural: as mk_wrapI	CerbMem.lean:1620-1622	
lean_frontend/generated/Core_eval.lean	93	mk_conv_int	failwithI	TAIL	"Core_eval.mk_conv_int" : CerbMem.IntegerValue)           )	Y	Y	Y	UNREACHABLE-BY-INVARIANT	structural: as mk_wrapI	CerbMem.lean:1620-1622	
lean_frontend/generated/Core_eval.lean	107	mk_call_catch_exceptional_condition	failwithI	TAIL	"Core_eval.mk_call_catch_exceptional_condition" : Option (CerbMem.IntegerValue))	Y	Y	Y	UNREACHABLE-BY-INVARIANT	structural: as mk_wrapI	CerbMem.lean:1620-1622	
lean_frontend/generated/Core_eval.lean	128	pull_constrained_lemFuel	failwithI	NON-TAIL/LET-BOUND-FUN	"impossible => Core_eval" : generic_pexpr_ (Unit) (sym))         ;           wrap_list  au	Y	Y	Y	UNREACHABLE-BY-INVARIANT	structural: wrap_list is applied to 3-element lists only; PEconstrained is never introduced in the concrete model (pull_constrained only propagates existing ones)	core_eval.lem:180-220	
lean_frontend/generated/Core_eval.lean	140	step_eval_peop	failwithI	NON-TAIL/LET-BOUND	( String.append "Core_eval.eval_pexpr, PEop Vinteger Vinteger: " ( match  binop1 with  |  	Y	Y	Y	UNREACHABLE-BY-INVARIANT	typing (Core): OpAnd/OpOr are boolean-only and OpRem_t/OpRem_f/OpExp integer-only, so the integer/float catch-alls are dead for well-typed Core	core_typing.lem:626-659	
lean_frontend/generated/Core_eval.lean	140	step_eval_peop	failwithI	NON-TAIL/LET-BOUND	( String.append "Core_eval.eval_pexpr, PEop Vfloating Vfloating " ( match  binop1 with  | 	Y	Y	Y	UNREACHABLE-BY-INVARIANT	typing (Core): OpAnd/OpOr are boolean-only and OpRem_t/OpRem_f/OpExp integer-only, so the integer/float catch-alls are dead for well-typed Core	core_typing.lem:626-659	
lean_frontend/generated/Core_eval.lean	147	step_eval_pexpr_lemFuel	failwithI	NON-TAIL/LAMBDA-BODY	"Core_eval.step_eval_pexpr, PEstruct found a UnionDef" : (identifier ×ctype ×CerbMem.MemVa	Y	Y	Y	UNREACHABLE-BY-INVARIANT	typing/tag-kind consistency: a PEstruct tag resolves to a StructDef	core_typing.lem PEstruct rule; core_eval.lem:874	
lean_frontend/generated/Core_reduction.lean	349	one_step_unseq_aux_lemFuel	failwithI	TAIL	( String.append "Core_reduction.one_step_unseq_aux ==> "  (CerbPP.stringFromCore_expr  e))	Y	Y	Y	UNKNOWN	needs a Core progress argument for Eunseq elements (which shapes survive evaluation) — bounded effort	core_reduction.lem one_step_unseq_aux	
lean_frontend/generated/Core_reduction.lean	357	one_step0	failwithI	TAIL	"TODO: Core_reduction.one_step, Ecase PEconstrained" : Option (one_step)) |  Ecase  pe  pa	Y	Y	Y	UNREACHABLE-BY-INVARIANT	structural: PEconstrained is never introduced in the concrete model (only propagated: core_eval.lem:191-219); IntegerValue is single-constructor	core_eval.lem:191-219; CerbMem.lean:68-70	
lean_frontend/generated/Core_reduction.lean	357	one_step0	failwithI	NON-TAIL/ARGUMENT	"Core_reduction.one_step Ewseq saw a non-evaluated e1" : one_step)         ) |  Ewseq  pat	Y	Y	Y	UNREACHABLE-BY-INVARIANT	model-shape (dispatch order): step_ctx fully evaluates `Epure` sub-expressions (full_eval_pexpr, core_reduction.lem:1100) before one_step is applied to the Ewseq/Esseq	core_reduction.lem:1100; :391-413	
lean_frontend/generated/Core_reduction.lean	357	one_step0	failwithI	NON-TAIL/ARGUMENT	"Core_reduction.one_step Ewseq Eannot saw a non-evaluated e1" : one_step)         ) |  Ess	Y	Y	Y	UNREACHABLE-BY-INVARIANT	model-shape (dispatch order): step_ctx fully evaluates `Epure` sub-expressions (full_eval_pexpr, core_reduction.lem:1100) before one_step is applied to the Ewseq/Esseq	core_reduction.lem:1100; :391-413	
lean_frontend/generated/Core_reduction.lean	357	one_step0	failwithI	NON-TAIL/ARGUMENT	"Core_reduction.one_step Esseq saw a non-evaluated e1" : one_step)         ) |  Esseq  pat	Y	Y	Y	UNREACHABLE-BY-INVARIANT	model-shape (dispatch order): step_ctx fully evaluates `Epure` sub-expressions (full_eval_pexpr, core_reduction.lem:1100) before one_step is applied to the Ewseq/Esseq	core_reduction.lem:1100; :391-413	
lean_frontend/generated/Core_reduction.lean	357	one_step0	failwithI	NON-TAIL/ARGUMENT	"Core_reduction.one_step Esseq Eannot saw a non-evaluated e1" : one_step)         ) |  Esa	Y	Y	Y	UNREACHABLE-BY-INVARIANT	model-shape (dispatch order): step_ctx fully evaluates `Epure` sub-expressions (full_eval_pexpr, core_reduction.lem:1100) before one_step is applied to the Ewseq/Esseq	core_reduction.lem:1100; :391-413	
lean_frontend/generated/Core_reduction.lean	403	act_valueFromPexpr	failwithI	TAIL	"Core_reduction.step_action => PEconstrained" : Option (value)) |  z =>        valueFromPe	Y	Y	Y	UNREACHABLE-BY-INVARIANT	structural: PEconstrained is never introduced in the concrete model (only propagated: core_eval.lem:191-219); IntegerValue is single-constructor	core_eval.lem:191-219; CerbMem.lean:68-70	
lean_frontend/generated/Core_reduction.lean	434	step_action	failwithI	TAIL	"TODO: Core_reduction.step_action => Store pe1 pe2 PEconstrained" : action_step) |  Store0	Y	Y	Y	UNREACHABLE-BY-INVARIANT	structural: PEconstrained is never introduced in the concrete model (only propagated: core_eval.lem:191-219); IntegerValue is single-constructor	core_eval.lem:191-219; CerbMem.lean:68-70	
lean_frontend/generated/Core_reduction.lean	434	step_action	failwithI	TAIL	"Core_reduction.step_action ==> SeqRMW" : action_step) |  Alloc0  pe1  pe2  pref => (     	Y	Y	Y	UNREACHABLE-BY-INVARIANT	dispatch: step_ctx handles `Eaction (SeqRMW …)` itself (core_reduction.lem:1228) and never passes it to step_action ("this should not be possible")	core_reduction.lem:759-760, :1228	
lean_frontend/generated/Core_reduction.lean	434	step_action	failwithI	TAIL	"TODO[Core_reduction]: RMW" : action_step) |  Fence0  _ => (failwithI  "TODO[Core_reductio	Y	Y	Y	UNKNOWN	same family as Fence (C11 atomics); atomic_fetch_add is rejected by the desugarer (witness atomic_fetch_add.c: "desugaring failed" both engines), other RMW-producing forms untested	q3_witness_outputs.txt atomic_fetch_add	
lean_frontend/generated/Core_reduction.lean	434	step_action	failwithI	TAIL	"TODO[Core_reduction]: Fence" : action_step) |  CompareExchangeStrong  _  _  _  _  _  _ =>	Y	Y	Y	REACHABLE	witness tests/failure-probes/reach/atomic_fence.c (libc mode): both crash (oracle "internal error: TODO[Core_reduction]: Fence", Lean PANIC); input class WELL-TYPED UB-FREE C11 (atomic_thread_fence) — class (c) concurrency-feature refusal	reach/README.md atomic_fence	
lean_frontend/generated/Core_reduction.lean	434	step_action	failwithI	TAIL	"TODO[Core_reduction]: CompareExchangeStrong" : action_step) |  CompareExchangeWeak  _  _ 	Y	Y	Y	UNKNOWN	C11 atomics family (atomic_compare_exchange_*); untested route through the libc pin — bounded effort	core_reduction.lem step_action	
lean_frontend/generated/Core_reduction.lean	434	step_action	failwithI	TAIL	"TODO[Core_reduction]: CompareExchangeWeak" : action_step) |  LinuxFence  _ => (failwithI 	Y	Y	Y	UNKNOWN	C11 atomics family (atomic_compare_exchange_*); untested route through the libc pin — bounded effort	core_reduction.lem step_action	
lean_frontend/generated/Core_reduction.lean	434	step_action	failwithI	TAIL	"TODO[Core_reduction]: LinuxFence" : action_step) |  LinuxLoad  _  _  _ => (failwithI  "TO	Y	Y	Y	UNREACHABLE-BY-INVARIANT	config/pin: Linux memory-model actions are emitted only for the `__cerbvar_linux_*` builtins, which no standard header declares	core_run/core_reduction Linux* arms; typed-failure design §1.3 group C	
lean_frontend/generated/Core_reduction.lean	434	step_action	failwithI	TAIL	"TODO[Core_reduction]: LinuxLoad" : action_step) |  LinuxStore  _  _  _  _ => (failwithI  	Y	Y	Y	UNREACHABLE-BY-INVARIANT	config/pin: Linux memory-model actions are emitted only for the `__cerbvar_linux_*` builtins, which no standard header declares	core_run/core_reduction Linux* arms; typed-failure design §1.3 group C	
lean_frontend/generated/Core_reduction.lean	434	step_action	failwithI	TAIL	"TODO[Core_reduction]: LinuxStore" : action_step) |  LinuxRMW  _  _  _  _ => (failwithI  "	Y	Y	Y	UNREACHABLE-BY-INVARIANT	config/pin: Linux memory-model actions are emitted only for the `__cerbvar_linux_*` builtins, which no standard header declares	core_run/core_reduction Linux* arms; typed-failure design §1.3 group C	
lean_frontend/generated/Core_reduction.lean	434	step_action	failwithI	TAIL	"TODO[Core_reduction]: LinuxRMW" : action_step) ) 	Y	Y	Y	UNREACHABLE-BY-INVARIANT	config/pin: Linux memory-model actions are emitted only for the `__cerbvar_linux_*` builtins, which no standard header declares	core_run/core_reduction Linux* arms; typed-failure design §1.3 group C	
lean_frontend/generated/Core_reduction.lean	438	break_at_sseq	failwithI	TAIL	"break_at_sseq, Cbound" : Option ((context ×generic_pattern (sym) ×context ×generic_expr (	Y	Y	Y	UNKNOWN	needs the bound-context (Cbound) shape invariant — bounded effort	core_reduction.lem break_at_sseq	
lean_frontend/generated/Core_reduction.lean	489	process_impl_proc	failwithI	NON-TAIL/LAMBDA-BODY	errmsg : Int)     ); 	Y	Y	Y	UNREACHABLE-BY-INVARIANT	typing (Core builtin signatures): impl-proc integer arguments are OVinteger	core_reduction.lem process_impl_proc; core_typing builtin signatures	
lean_frontend/generated/Core_reduction.lean	490	process_impl_proc	failwithI	TAIL	"TODO Core_reduction ==> any_bounded_int()" : core_step2) |  BuiltinFunction  "errno" => (	Y	Y	Y	UNREACHABLE-BY-INVARIANT	pin: `__cerbvar_any_bounded_int` is a fork/CN builtin no standard header declares	core_reduction.lem process_impl_proc	
lean_frontend/generated/Core_reduction.lean	490	process_impl_proc	failwithI	TAIL	"wrong arguments for __builtin_errno" : core_step2)         ) |  BuiltinFunction  "exit" =	Y	Y	Y	UNREACHABLE-BY-INVARIANT	typing (Core builtin signatures): errno takes no arguments	core_reduction.lem process_impl_proc	
lean_frontend/generated/Core_reduction.lean	490	process_impl_proc	failwithI	TAIL	( String.append "Core_reduction, exit given more than one argument ==> "  (stringFromList 	Y	Y	Y	UNREACHABLE-BY-INVARIANT	typing/pin: the libc `exit` wrapper passes one argument (witness exit3.c in libc mode: Specified(3) on both engines)	q3_witness_outputs.txt exit3libc	
lean_frontend/generated/Core_reduction.lean	490	process_impl_proc	failwithI	TAIL	"Core_reduction.process_impl_proc ==> TODO" : core_step2)	Y	Y	Y	UNREACHABLE-BY-INVARIANT	pin: unknown impl-procedure name — the libc/std.core pins declare only the handled builtins	tests/libc/libc.core pin; scripts/libc_prep.sh	
lean_frontend/generated/Core_reduction.lean	494	step_ctx	failwithI	NON-TAIL/ARGUMENT	"end of proc, found an empty Core_run env" : thread_state) |  _  ::  env' =>  {  {  {     	Y	Y	Y	UNREACHABLE-BY-INVARIANT	model-shape (not a theorem): env non-empty (initialised [Map.empty], driver.lem:1571)	driver.lem:1571	
lean_frontend/generated/Core_reduction.lean	494	step_ctx	failwithI	NON-TAIL/LAMBDA-BODY	"Core_reduction ==> Stack_cons" : core_step2)         ) |  (CTX, ( Expr  _ ( Eannot  _ (  	Y	Y	Y	UNREACHABLE-BY-INVARIANT	config: Stack_cons2 frames exist only under concurrency (spawn); with_concurrency is false by default and Driver refuses concurrency	Driver.lean:320; CerbGlobal.lean	
lean_frontend/generated/Core_reduction.lean	494	step_ctx	failwithI	NON-TAIL/ARGUMENT	"Core_reduction step_action returned SeqRMWRequest2" : action_request2 (thread_state))    	Y	Y	Y	UNREACHABLE-BY-INVARIANT	dispatch: step_action never returns SeqRMWRequest2 — the SeqRMW request is built directly by step_ctx (core_reduction.lem:1232)	core_reduction.lem:1196-1198, :1232	
lean_frontend/generated/Core_reduction.lean	494	step_ctx	failwithI	NON-TAIL/LAMBDA-BODY	( String.append "Core_run.step_ctx ==> found a value with ctx <> CTX ==> "                	Y	Y	Y	UNKNOWN	needs the context-decomposition invariant (get_ctx returns CTX for values) — bounded effort	core_reduction.lem step_ctx	
lean_frontend/generated/Core_reduction.lean	494	step_ctx	failwithI	NON-TAIL/LAMBDA-BODY	"TODO(better typing) negative SeqRMW should be forbidden by the typecheck" : core_step2)  	Y	Y	Y	UNREACHABLE-BY-INVARIANT	structural: the elaborator emits SeqRMW with polarity Pos (core_aux.lem:564 `Paction Pos`)	core_aux.lem:551-564; translation.lem:700	
lean_frontend/generated/Core_reduction.lean	494	step_ctx	failwithI	NON-TAIL/STRUCT-FIELD	"Core_reduction.step_ctx, SeqRMW ==> env is empty" : List (Fmap (sym) (value))) |  x  ::  	Y	Y	Y	UNREACHABLE-BY-INVARIANT	model-shape: env non-empty (driver.lem:1571)	driver.lem:1571	
lean_frontend/generated/Core_reduction.lean	494	step_ctx	failwithI	NON-TAIL/LAMBDA-BODY	"TODO: NO_BOUND (SeqRMW)" : thread_state) |  BOUND_NO_SSEQ  ctx_bound  ctxA => (          	Y	Y	Y	UNKNOWN	needs the bound-context invariant for SeqRMW/negative actions — bounded effort (a plain `_Atomic int x; x += 1;` passes: witness atomic_rmw.c Specified(1) both engines)	q3_witness_outputs.txt atomic_rmw; core_reduction.lem:864-884	
lean_frontend/generated/Core_reduction.lean	494	step_ctx	failwithI	NON-TAIL/LAMBDA-BODY	"TODO: NO_BOUND (Neg)" : core_step2) |  BOUND_NO_SSEQ  ctx_bound  ctxA => (               	Y	Y	Y	UNKNOWN	needs the bound-context invariant for SeqRMW/negative actions — bounded effort (a plain `_Atomic int x; x += 1;` passes: witness atomic_rmw.c Specified(1) both engines)	q3_witness_outputs.txt atomic_rmw; core_reduction.lem:864-884	
lean_frontend/generated/Core_reduction.lean	494	step_ctx	failwithI	NON-TAIL/LET-BOUND	"Core_reduction ==> Erun outside of a proc" : sym)                 ;                /-  re	Y	Y	Y	UNREACHABLE-BY-INVARIANT	typing (Core): Erun refers to a label of the enclosing procedure; Core typing checks labels within procs	core_typing.lem Erun/Esave rules; core_reduction.lem:1415	
lean_frontend/generated/Core_reduction.lean	494	step_ctx	failwithI	NON-TAIL/LAMBDA-BODY	( String.append "STUCK ==> "  (CerbPP.stringFromCore_expr  expr1)) : core_step2) |  some (	Y	Y	Y	UNKNOWN	needs a Core progress theorem for the sequential fragment — bounded effort	core_reduction.lem step_ctx STUCK arm	
lean_frontend/generated/Core_reduction_aux.lean	51	step_fs_proc	failwithI	NON-TAIL/LAMBDA-BODY	errmsg : Char)         ) |  _ => (failwithI  errmsg : Char)   ); 	Y	Y	Y	UNREACHABLE-BY-INVARIANT	typing/pin: argument-shape arms for the fs/printf builtins — the libc wrappers (pinned libc.core) pass the typed shapes; Core typing of builtin arguments	core_reduction_aux.lem step_fs_proc; tests/libc/libc.core	
lean_frontend/generated/Core_reduction_aux.lean	51	step_fs_proc	failwithI	NON-TAIL/LAMBDA-BODY	errmsg : Char)   ); 	Y	Y	Y	UNREACHABLE-BY-INVARIANT	typing/pin: argument-shape arms for the fs/printf builtins — the libc wrappers (pinned libc.core) pass the typed shapes; Core typing of builtin arguments	core_reduction_aux.lem step_fs_proc; tests/libc/libc.core	
lean_frontend/generated/Core_reduction_aux.lean	52	step_fs_proc	failwithI	NON-TAIL/LAMBDA-BODY	errmsg : Int)     ); 	Y	Y	Y	UNREACHABLE-BY-INVARIANT	typing/pin: argument-shape arms for the fs/printf builtins — the libc wrappers (pinned libc.core) pass the typed shapes; Core typing of builtin arguments	core_reduction_aux.lem step_fs_proc; tests/libc/libc.core	
lean_frontend/generated/Core_reduction_aux.lean	53	step_fs_proc	failwithI	NON-TAIL/LAMBDA-BODY	"Core_reduction, printf the second argument should be a list of (ctype, pointer) pairs" : 	Y	Y	Y	UNREACHABLE-BY-INVARIANT	typing/pin: argument-shape arms for the fs/printf builtins — the libc wrappers (pinned libc.core) pass the typed shapes; Core typing of builtin arguments	core_reduction_aux.lem step_fs_proc; tests/libc/libc.core	
lean_frontend/generated/Core_reduction_aux.lean	53	step_fs_proc	failwithI	TAIL	( String.append "Core_reduction, printf giving arguments of wrong types ==> "  (stringFrom	Y	Y	Y	UNREACHABLE-BY-INVARIANT	typing/pin: argument-shape arms for the fs/printf builtins — the libc wrappers (pinned libc.core) pass the typed shapes; Core typing of builtin arguments	core_reduction_aux.lem step_fs_proc; tests/libc/libc.core	
lean_frontend/generated/Core_reduction_aux.lean	53	step_fs_proc	failwithI	TAIL	( String.append "Core_reduction, vprintf giving arguments of wrong types ==> "  (stringFro	Y	Y	Y	UNREACHABLE-BY-INVARIANT	typing/pin: argument-shape arms for the fs/printf builtins — the libc wrappers (pinned libc.core) pass the typed shapes; Core typing of builtin arguments	core_reduction_aux.lem step_fs_proc; tests/libc/libc.core	
lean_frontend/generated/Core_reduction_aux.lean	53	step_fs_proc	failwithI	TAIL	( String.append "Core_reduction, vsnprintf giving arguments of wrong types ==> "  (stringF	Y	Y	Y	UNREACHABLE-BY-INVARIANT	typing/pin: argument-shape arms for the fs/printf builtins — the libc wrappers (pinned libc.core) pass the typed shapes; Core typing of builtin arguments	core_reduction_aux.lem step_fs_proc; tests/libc/libc.core	
lean_frontend/generated/Core_reduction_aux.lean	53	step_fs_proc	failwithI	TAIL	"Core_reduction, rename" : fs_oper)         ) |  BuiltinFunction  "mkdir" => (         mat	Y	Y	Y	UNREACHABLE-BY-INVARIANT	typing/pin: argument-shape arms for the fs/printf builtins — the libc wrappers (pinned libc.core) pass the typed shapes; Core typing of builtin arguments	core_reduction_aux.lem step_fs_proc; tests/libc/libc.core	
lean_frontend/generated/Core_reduction_aux.lean	53	step_fs_proc	failwithI	TAIL	"mkdir" : fs_oper)         ) |  BuiltinFunction  "umask" => (         match  cvals with  |	Y	Y	Y	UNREACHABLE-BY-INVARIANT	typing/pin: argument-shape arms for the fs/printf builtins — the libc wrappers (pinned libc.core) pass the typed shapes; Core typing of builtin arguments	core_reduction_aux.lem step_fs_proc; tests/libc/libc.core	
lean_frontend/generated/Core_reduction_aux.lean	53	step_fs_proc	failwithI	TAIL	"pread" : fs_oper)         ) |  BuiltinFunction  "chmod" => (         match  cvals with  |	Y	Y	Y	UNREACHABLE-BY-INVARIANT	typing/pin: argument-shape arms for the fs/printf builtins — the libc wrappers (pinned libc.core) pass the typed shapes; Core typing of builtin arguments	core_reduction_aux.lem step_fs_proc; tests/libc/libc.core	
lean_frontend/generated/Core_reduction_aux.lean	53	step_fs_proc	failwithI	TAIL	"chmod" : fs_oper)         ) |  BuiltinFunction  "chdir" => (         match  cvals with  |	Y	Y	Y	UNREACHABLE-BY-INVARIANT	typing/pin: argument-shape arms for the fs/printf builtins — the libc wrappers (pinned libc.core) pass the typed shapes; Core typing of builtin arguments	core_reduction_aux.lem step_fs_proc; tests/libc/libc.core	
lean_frontend/generated/Core_reduction_aux.lean	53	step_fs_proc	failwithI	TAIL	"chdir" : fs_oper)         ) |  BuiltinFunction  "chown" => (         match  cvals with  |	Y	Y	Y	UNREACHABLE-BY-INVARIANT	typing/pin: argument-shape arms for the fs/printf builtins — the libc wrappers (pinned libc.core) pass the typed shapes; Core typing of builtin arguments	core_reduction_aux.lem step_fs_proc; tests/libc/libc.core	
lean_frontend/generated/Core_reduction_aux.lean	53	step_fs_proc	failwithI	TAIL	"chown" : fs_oper)         ) |  BuiltinFunction  "opendir" => (         match  cvals with 	Y	Y	Y	UNREACHABLE-BY-INVARIANT	typing/pin: argument-shape arms for the fs/printf builtins — the libc wrappers (pinned libc.core) pass the typed shapes; Core typing of builtin arguments	core_reduction_aux.lem step_fs_proc; tests/libc/libc.core	
lean_frontend/generated/Core_reduction_aux.lean	53	step_fs_proc	failwithI	TAIL	"opendir" : fs_oper)         ) |  BuiltinFunction  "readdir" => (         match  cvals wit	Y	Y	Y	UNREACHABLE-BY-INVARIANT	typing/pin: argument-shape arms for the fs/printf builtins — the libc wrappers (pinned libc.core) pass the typed shapes; Core typing of builtin arguments	core_reduction_aux.lem step_fs_proc; tests/libc/libc.core	
lean_frontend/generated/Core_reduction_aux.lean	53	step_fs_proc	failwithI	TAIL	"readdir" : fs_oper)         ) |  BuiltinFunction  "rewinddir" => (         match  cvals w	Y	Y	Y	UNREACHABLE-BY-INVARIANT	typing/pin: argument-shape arms for the fs/printf builtins — the libc wrappers (pinned libc.core) pass the typed shapes; Core typing of builtin arguments	core_reduction_aux.lem step_fs_proc; tests/libc/libc.core	
lean_frontend/generated/Core_reduction_aux.lean	53	step_fs_proc	failwithI	TAIL	"rewinddir" : fs_oper)         ) |  BuiltinFunction  "closedir" => (         match  cvals 	Y	Y	Y	UNREACHABLE-BY-INVARIANT	typing/pin: argument-shape arms for the fs/printf builtins — the libc wrappers (pinned libc.core) pass the typed shapes; Core typing of builtin arguments	core_reduction_aux.lem step_fs_proc; tests/libc/libc.core	
lean_frontend/generated/Core_reduction_aux.lean	53	step_fs_proc	failwithI	TAIL	"closedir" : fs_oper)         ) |  BuiltinFunction  "open" => (         match  cvals with 	Y	Y	Y	UNREACHABLE-BY-INVARIANT	typing/pin: argument-shape arms for the fs/printf builtins — the libc wrappers (pinned libc.core) pass the typed shapes; Core typing of builtin arguments	core_reduction_aux.lem step_fs_proc; tests/libc/libc.core	
lean_frontend/generated/Core_reduction_aux.lean	53	step_fs_proc	failwithI	TAIL	"open" : fs_oper)         ) |  BuiltinFunction  "close" => (         match  cvals with  | 	Y	Y	Y	UNREACHABLE-BY-INVARIANT	typing/pin: argument-shape arms for the fs/printf builtins — the libc wrappers (pinned libc.core) pass the typed shapes; Core typing of builtin arguments	core_reduction_aux.lem step_fs_proc; tests/libc/libc.core	
lean_frontend/generated/Core_reduction_aux.lean	53	step_fs_proc	failwithI	TAIL	"close" : fs_oper)         ) |  BuiltinFunction  "write" => (         match  cvals with  |	Y	Y	Y	UNREACHABLE-BY-INVARIANT	typing/pin: argument-shape arms for the fs/printf builtins — the libc wrappers (pinned libc.core) pass the typed shapes; Core typing of builtin arguments	core_reduction_aux.lem step_fs_proc; tests/libc/libc.core	
lean_frontend/generated/Core_reduction_aux.lean	53	step_fs_proc	failwithI	TAIL	"write" : fs_oper)         ) |  BuiltinFunction  "read" => (         match  cvals with  | 	Y	Y	Y	UNREACHABLE-BY-INVARIANT	typing/pin: argument-shape arms for the fs/printf builtins — the libc wrappers (pinned libc.core) pass the typed shapes; Core typing of builtin arguments	core_reduction_aux.lem step_fs_proc; tests/libc/libc.core	
lean_frontend/generated/Core_reduction_aux.lean	53	step_fs_proc	failwithI	TAIL	"read" : fs_oper)         ) |  BuiltinFunction  "pwrite" => (         match  cvals with  |	Y	Y	Y	UNREACHABLE-BY-INVARIANT	typing/pin: argument-shape arms for the fs/printf builtins — the libc wrappers (pinned libc.core) pass the typed shapes; Core typing of builtin arguments	core_reduction_aux.lem step_fs_proc; tests/libc/libc.core	
lean_frontend/generated/Core_reduction_aux.lean	53	step_fs_proc	failwithI	TAIL	"pwrite" : fs_oper)         ) |  BuiltinFunction  "pread" => (         match  cvals with  	Y	Y	Y	UNREACHABLE-BY-INVARIANT	typing/pin: argument-shape arms for the fs/printf builtins — the libc wrappers (pinned libc.core) pass the typed shapes; Core typing of builtin arguments	core_reduction_aux.lem step_fs_proc; tests/libc/libc.core	
lean_frontend/generated/Core_reduction_aux.lean	53	step_fs_proc	failwithI	TAIL	"pread" : fs_oper)         ) |  BuiltinFunction  "link" => (         match  cvals with  | 	Y	Y	Y	UNREACHABLE-BY-INVARIANT	typing/pin: argument-shape arms for the fs/printf builtins — the libc wrappers (pinned libc.core) pass the typed shapes; Core typing of builtin arguments	core_reduction_aux.lem step_fs_proc; tests/libc/libc.core	
lean_frontend/generated/Core_reduction_aux.lean	53	step_fs_proc	failwithI	TAIL	"link" : fs_oper)         ) |  BuiltinFunction  "readlink" => (         match  cvals with 	Y	Y	Y	UNREACHABLE-BY-INVARIANT	typing/pin: argument-shape arms for the fs/printf builtins — the libc wrappers (pinned libc.core) pass the typed shapes; Core typing of builtin arguments	core_reduction_aux.lem step_fs_proc; tests/libc/libc.core	
lean_frontend/generated/Core_reduction_aux.lean	53	step_fs_proc	failwithI	TAIL	"readlink" : fs_oper)         ) |  BuiltinFunction  "stat" => (         match  cvals with 	Y	Y	Y	UNREACHABLE-BY-INVARIANT	typing/pin: argument-shape arms for the fs/printf builtins — the libc wrappers (pinned libc.core) pass the typed shapes; Core typing of builtin arguments	core_reduction_aux.lem step_fs_proc; tests/libc/libc.core	
lean_frontend/generated/Core_reduction_aux.lean	53	step_fs_proc	failwithI	TAIL	"stat" : fs_oper)         ) |  BuiltinFunction  "lstat" => (         match  cvals with  | 	Y	Y	Y	UNREACHABLE-BY-INVARIANT	typing/pin: argument-shape arms for the fs/printf builtins — the libc wrappers (pinned libc.core) pass the typed shapes; Core typing of builtin arguments	core_reduction_aux.lem step_fs_proc; tests/libc/libc.core	
lean_frontend/generated/Core_reduction_aux.lean	53	step_fs_proc	failwithI	TAIL	"lstat" : fs_oper)         ) |  BuiltinFunction  "symlink" => (         match  cvals with 	Y	Y	Y	UNREACHABLE-BY-INVARIANT	typing/pin: argument-shape arms for the fs/printf builtins — the libc wrappers (pinned libc.core) pass the typed shapes; Core typing of builtin arguments	core_reduction_aux.lem step_fs_proc; tests/libc/libc.core	
lean_frontend/generated/Core_reduction_aux.lean	53	step_fs_proc	failwithI	TAIL	"symlink" : fs_oper)         ) |  BuiltinFunction  "rmdir" => (         match  cvals with 	Y	Y	Y	UNREACHABLE-BY-INVARIANT	typing/pin: argument-shape arms for the fs/printf builtins — the libc wrappers (pinned libc.core) pass the typed shapes; Core typing of builtin arguments	core_reduction_aux.lem step_fs_proc; tests/libc/libc.core	
lean_frontend/generated/Core_reduction_aux.lean	53	step_fs_proc	failwithI	TAIL	"rmdir" : fs_oper)         ) |  BuiltinFunction  "truncate" => (         match  cvals with	Y	Y	Y	UNREACHABLE-BY-INVARIANT	typing/pin: argument-shape arms for the fs/printf builtins — the libc wrappers (pinned libc.core) pass the typed shapes; Core typing of builtin arguments	core_reduction_aux.lem step_fs_proc; tests/libc/libc.core	
lean_frontend/generated/Core_reduction_aux.lean	53	step_fs_proc	failwithI	TAIL	"truncate" : fs_oper)         ) |  BuiltinFunction  "unlink" => (         match  cvals wit	Y	Y	Y	UNREACHABLE-BY-INVARIANT	typing/pin: argument-shape arms for the fs/printf builtins — the libc wrappers (pinned libc.core) pass the typed shapes; Core typing of builtin arguments	core_reduction_aux.lem step_fs_proc; tests/libc/libc.core	
lean_frontend/generated/Core_reduction_aux.lean	53	step_fs_proc	failwithI	TAIL	"unlink" : fs_oper)         ) |  BuiltinFunction  "lseek" => (         match  cvals with  	Y	Y	Y	UNREACHABLE-BY-INVARIANT	typing/pin: argument-shape arms for the fs/printf builtins — the libc wrappers (pinned libc.core) pass the typed shapes; Core typing of builtin arguments	core_reduction_aux.lem step_fs_proc; tests/libc/libc.core	
lean_frontend/generated/Core_reduction_aux.lean	53	step_fs_proc	failwithI	TAIL	"lseek" : fs_oper)         ) |  BuiltinFunction  str => (failwithI  ( String.append "Core_	Y	Y	Y	UNREACHABLE-BY-INVARIANT	typing/pin: argument-shape arms for the fs/printf builtins — the libc wrappers (pinned libc.core) pass the typed shapes; Core typing of builtin arguments	core_reduction_aux.lem step_fs_proc; tests/libc/libc.core	
lean_frontend/generated/Core_reduction_aux.lean	53	step_fs_proc	failwithI	TAIL	( String.append "Core_reduction_aux.step_fs_proc ==> BuiltinFunction: "  str) : fs_oper) |	Y	Y	Y	UNREACHABLE-BY-INVARIANT	pin: unknown FS builtin name — the libc pin declares only the handled ones	tests/libc/libc.core pin	
lean_frontend/generated/Core_reduction_aux.lean	53	step_fs_proc	failwithI	TAIL	"Core_reduction_aux.step_fs_proc ==> NOT an FS function" : fs_oper)	Y	Y	Y	UNREACHABLE-BY-INVARIANT	dispatch: step_fs_proc is called only for the FS builtin names	core_reduction_aux.lem step_fs_proc caller guard	
lean_frontend/generated/Core_run_aux.lean	266	subst_wait_stack	failwithI	TAIL	"subst_wait_stack ==> Stack_cons2" : stack a)	Y	Y	N	UNREACHABLE-BY-INVARIANT	config: Stack_cons2 / additional-synchronizes-with bookkeeping exist only for spawned threads; concurrency is refused by default	Driver.lean:320; CerbGlobal.lean with_concurrency	
lean_frontend/generated/Core_run_aux.lean	472	add_to_asw_lemFuel	failwithI	NON-TAIL/ARGUMENT	"Core_run_aux.add_to_asw, Ebound" : generic_expr_ (core_run_annotation) (Unit) (sym)) |  E	Y	Y	N	UNREACHABLE-BY-INVARIANT	config: Stack_cons2 / additional-synchronizes-with bookkeeping exist only for spawned threads; concurrency is refused by default	Driver.lean:320; CerbGlobal.lean with_concurrency	
lean_frontend/generated/Core_run_aux.lean	472	add_to_asw_lemFuel	failwithI	NON-TAIL/ARGUMENT	"Core_run_aux.add_to_asw, Eannot" : generic_expr_ (core_run_annotation) (Unit) (sym)) |  E	Y	Y	N	UNREACHABLE-BY-INVARIANT	config: Stack_cons2 / additional-synchronizes-with bookkeeping exist only for spawned threads; concurrency is refused by default	Driver.lean:320; CerbGlobal.lean with_concurrency	
lean_frontend/generated/Core_run_aux.lean	472	add_to_asw_lemFuel	failwithI	NON-TAIL/ARGUMENT	"Core_run_aux.add_to_asw, Eexcluded" : generic_expr_ (core_run_annotation) (Unit) (sym))  	Y	Y	N	UNREACHABLE-BY-INVARIANT	config: Stack_cons2 / additional-synchronizes-with bookkeeping exist only for spawned threads; concurrency is refused by default	Driver.lean:320; CerbGlobal.lean with_concurrency	
lean_frontend/generated/Core_run_aux.lean	484	add_to_asw_stack	failwithI	TAIL	"add_to_asw_stack ==> Stack_cons2" : stack (core_run_annotation))         else      sk) 	Y	Y	N	UNREACHABLE-BY-INVARIANT	config: Stack_cons2 / additional-synchronizes-with bookkeeping exist only for spawned threads; concurrency is refused by default	Driver.lean:320; CerbGlobal.lean with_concurrency	
lean_frontend/generated/Ctype_aux.lean	99	are_compatible_aux_lemFuel	failwithI	NON-TAIL/SCRUTINEE	"Ctype_aux.are_compatible_aux: failed to destruct a struct tag" : (String ×String))       	Y	Y	Y	UNKNOWN	cross-TU only (same-TU tags take the `tag1 = tag2` fast path, ctype_aux.lem:115-116); needs a 2-TU witness (an incomplete struct in one TU, a struct value stored across TUs) through scripts/test_multi_tu.sh — bounded effort	ctype_aux.lem:115-130; scripts/fuel_forms_pending.txt deep-ref note	
lean_frontend/generated/Ctype_aux.lean	99	are_compatible_aux_lemFuel	failwithI	NON-TAIL/SCRUTINEE	"Ctype_aux.are_compatible_aux: failed to lookup a struct definition" : Bool)              	Y	Y	Y	UNKNOWN	cross-TU only (same-TU tags take the `tag1 = tag2` fast path, ctype_aux.lem:115-116); needs a 2-TU witness (an incomplete struct in one TU, a struct value stored across TUs) through scripts/test_multi_tu.sh — bounded effort	ctype_aux.lem:115-130; scripts/fuel_forms_pending.txt deep-ref note	
lean_frontend/generated/Ctype_aux.lean	99	are_compatible_aux_lemFuel	failwithI	NON-TAIL/SCRUTINEE	"Ctype_aux.are_compatible_aux: failed to destruct a union tags" : (String ×String))       	Y	Y	Y	UNKNOWN	cross-TU only (same-TU tags take the `tag1 = tag2` fast path, ctype_aux.lem:115-116); needs a 2-TU witness (an incomplete struct in one TU, a struct value stored across TUs) through scripts/test_multi_tu.sh — bounded effort	ctype_aux.lem:115-130; scripts/fuel_forms_pending.txt deep-ref note	
lean_frontend/generated/Ctype_aux.lean	99	are_compatible_aux_lemFuel	failwithI	NON-TAIL/SCRUTINEE	"Ctype_aux.are_compatible_aux: failed to lookup a union definition" : Bool)               	Y	Y	Y	UNKNOWN	cross-TU only (same-TU tags take the `tag1 = tag2` fast path, ctype_aux.lem:115-116); needs a 2-TU witness (an incomplete struct in one TU, a struct value stored across TUs) through scripts/test_multi_tu.sh — bounded effort	ctype_aux.lem:115-130; scripts/fuel_forms_pending.txt deep-ref note	
lean_frontend/generated/Driver.lean	301	drive_fs_step	failwithI	NON-TAIL/LAMBDA-BODY	( String.append "symbol struct "   (String.append name1  " not in tagDefs")) : Bool)      	Y	Y	N	UNREACHABLE-BY-INVARIANT	dominance/typing: the `struct stat` lookup runs on FS_STAT results; in Lean the CerbFS.fs_stat refusal (:504) fires first (witness suite/fs/stat.c), and a libc program calling stat() has `struct stat` in tagDefs by typing	q2 file suite-fs-stat; Driver.lean:301	
lean_frontend/generated/Driver.lean	301	drive_fs_step	failwithI	NON-TAIL/LAMBDA-BODY	( String.append "no symbols for struct "   (String.append name1  " in tagDefs")) : sym) | 	Y	Y	N	UNREACHABLE-BY-INVARIANT	dominance/typing: the `struct stat` lookup runs on FS_STAT results; in Lean the CerbFS.fs_stat refusal (:504) fires first (witness suite/fs/stat.c), and a libc program calling stat() has `struct stat` in tagDefs by typing	q2 file suite-fs-stat; Driver.lean:301	
lean_frontend/generated/Driver.lean	328	perform_memop_request2	failwithI	NON-TAIL/LAMBDA-BODY	"va_start" : (ctype ×CerbMem.PointerValue))           )  ty_cvals;  nd_bind          (lift	Y	Y	N	UNREACHABLE-BY-INVARIANT	typing/pin: va_start's argument shape is fixed by the libc wrapper	driver.lem perform_memop_request2 Va_start	
lean_frontend/generated/Driver.lean	349	can_advance	failwithI	TAIL	( String.append "can_advance: Step_error2 ==> "  str) : Bool) |  Step_thread_done2  _  _ =	Y	Y	N	REACHABLE	ORACLE-witnessed: tests/immaculate/libc/zd-z2f04-closedir.c makes the oracle die with exactly `internal error: can_advance: Step_error2 ==> …the value of a store(signed int*) didn't match the lvalue type: Specified(1)`; in Lean the CerbFS.fs_opendir refusal (:510) fires first (different site, same class — pinned MATCH | L=CRASH); input class filesystem boundary (legal opendir/closedir)	q2 file zd-z2f04-closedir	
lean_frontend/generated/Driver.lean	387	drive_nonmemory_steps_aux2_lemFuel	failwithI	NON-TAIL/LET-BOUND	( String.append "Driver.drive_nonmemory_steps_aux2 => invalid tid: "  (Lem_String_extra.st	Y	Y	N	UNREACHABLE-BY-INVARIANT	config: sequential execution has exactly the initial thread tid0	driver.lem drive_nonmemory_steps_aux2; Driver.lean:320 concurrency refusal	
lean_frontend/generated/Driver.lean	414	prepare_exit	failwithI	TAIL	"Driver.prepare_exit ==> failed to find the initial thread" : core_state) |  some  (tid0, 	Y	Y	N	UNREACHABLE-BY-INVARIANT	config: as :387 (initial thread always present)	driver.lem prepare_exit	
lean_frontend/generated/Driver.lean	436	hack_lemFuel	failwithI	TAIL	( String.append "Driver.hack, UNDEF/ERROR:"  (CerbPP.stringFromCore_pexpr  pexpr1)) : valu	Y	Y	N	UNREACHABLE-BY-INVARIANT	model-shape: at finalize the arena is `Epure` of a value (Step_done shape, core_run.lem:1557-1589), so one step_eval_pexpr returns Defined — hack needs exactly one iteration and never sees UNDEF/ERROR	core_run.lem:1557-1589; driver.lem:1446-1457	
lean_frontend/generated/Driver.lean	469	finalize	failwithI	NON-TAIL/ARGUMENT	( String.append "Driver.finalize: the arena wasn't pure ==> "  (CerbPP.stringFromCore_expr	Y	Y	N	UNREACHABLE-BY-INVARIANT	model-shape: as hack (arena is Epure at finalize; libc exit() also ends with a pure arena — witness exit3libc: Specified(3) both engines)	core_run.lem:1557-1589; q3_witness_outputs.txt exit3libc	
lean_frontend/generated/Driver.lean	469	finalize	failwithI	TAIL	( String.append "BOOM finalize ["   (String.append debug_str  "]")) : driver_result) )	Y	Y	N	UNREACHABLE-BY-INVARIANT	config: thread_states is a singleton in the sequential driver (concurrency refused)	Driver.lean:320; driver.lem:1473-1498	
lean_frontend/generated/Formatted.lean	428	charFromDigit	failwithI	TAIL	"Formatted.charFromDigit, the second argument should be in {0..15}" : Char)	Y	Y	N	UNREACHABLE-BY-INVARIANT	structural: digits handed to charFromDigit come from showNonNegativeWithBasis with basis 8/10/16	formatted.lem:300-345	
lean_frontend/generated/Formatted.lean	444	showNonNegativeWithBasis	failwithI	TAIL	"showNonNegativeWithBasis expects an non-negative integer" : List (Char))	Y	Y	N	UNREACHABLE-BY-INVARIANT	structural: callers pass `abs n` / unsigned conversions (formatted.lem:573 `naturalFromInteger $ abs n`); %o/%u/%x with a negative int is UB153b before conversion (witness printf_x_neg.c)	formatted.lem:573; q3_witness_outputs.txt printf_x_neg	
lean_frontend/generated/Formatted.lean	490	convert	failwithI	NON-TAIL/LET-BOUND	"TODO: Formatted.convert, * prec" : Nat) |  none =>   1   ; 	Y	Y	N	REACHABLE	witness tests/failure-probes/reach/printf_star_prec.c (`%.*d`): both crash; input class WELL-TYPED UB-FREE C — class (c) feature refusal; LET-BOUND (F1 shape) yet USED at runtime	reach/README.md printf_star_prec	
lean_frontend/generated/Formatted.lean	494	convert	failwithI	NON-TAIL/LET-BOUND	"TODO: Formatted.convert, * prec" : Nat) |  none =>                   /-  STD Â§7.21.6.1#8	Y	Y	N	UNREACHABLE-BY-INVARIANT	dominance: as TODO(2) — witness printf_star_prec_f.c (`%.*f`) reports the :490 message	reach/README.md printf_star_prec_f; formatted.lem:447-455 vs :614	
lean_frontend/generated/Formatted.lean	494	convert	failwithI	NON-TAIL/LET-BOUND	"TODO(2): Formatted.convert, * prec" : Option (Nat)) |  none =>                           	Y	Y	N	UNREACHABLE-BY-INVARIANT	dominance: the top-level `let prec` (:490, formatted.lem:447-455) evaluates the same prec_opt first — witness printf_star_prec_s.c (`%.*s`) reports the :490 message	reach/README.md printf_star_prec_s; formatted.lem:447-455 vs :673	
lean_frontend/generated/Formatted.lean	499	printf_aux	failwithI	NON-TAIL/LET-BOUND	"TODO: formatted.lem 6" : List (Char))                 ; (                 printf_aux _lem	Y	Y	N	REACHABLE	witness tests/failure-probes/reach/printf_star_width.c (`%*d`): both crash ("TODO: formatted.lem 6"); WELL-TYPED UB-FREE C — class (c)	reach/README.md printf_star_width	
lean_frontend/generated/Formatted.lean	508	vsnprintf	failwithI	NON-TAIL/LAMBDA-BODY	"TODO: vsnprintf(), symbolic value for the size n" : Int) ); 	Y	Y	N	UNREACHABLE-BY-INVARIANT	structural: the `Nothing` callback of caseIntegerValue is never invoked (CerbMem.lean:1620-1622)	CerbMem.lean:1620-1622	
lean_frontend/generated/Implementation.lean	646	is_compatible_with_size_t	failwithI	TAIL	"Implementation.is_compatible_with_size_t" : Bool)	Y	Y	N	UNREACHABLE-BY-INVARIANT	structural: sizeof_ity never returns `none` (CerberusImpl.lean:170-183); witness printf_zu.c/printf_zd.c pass	implementation.lem:695-702; q3_witness_outputs.txt printf_zu	
lean_frontend/generated/Implementation.lean	650	is_compatible_with_ptrdiff_t	failwithI	TAIL	"Implementation.is_compatible_with_ptrdiff_t" : Bool)	Y	Y	N	UNREACHABLE-BY-INVARIANT	structural: as size_t; witness printf_td.c passes	implementation.lem:704-711; q3_witness_outputs.txt printf_td	
lean_frontend/generated/Implementation.lean	657	is_signed_or_unsigned_aux	failwithI	TAIL	"TODO: Implementation.is_signed_or_unsigned Char" : Bool) |  Basic ( Integer  Bool0) => (f	Y	Y	N	UNREACHABLE-BY-INVARIANT	promotion/normalisation (not kernel-checked): the predicate is applied to `normalise_ctype arg_ty` (formatted.lem:471) after C default argument promotion, so Char/Bool/Wchar_t/Wint_t/Enum never reach it (witness printf_ld_wchar.c → UB153b, not this arm)	formatted.lem:471; q3_witness_outputs.txt printf_ld_wchar	
lean_frontend/generated/Implementation.lean	657	is_signed_or_unsigned_aux	failwithI	TAIL	"TODO: Implementation.is_signed_or_unsigned Bool" : Bool) |  Basic ( Integer ( Signed  ibt	Y	Y	N	UNREACHABLE-BY-INVARIANT	promotion/normalisation (not kernel-checked): the predicate is applied to `normalise_ctype arg_ty` (formatted.lem:471) after C default argument promotion, so Char/Bool/Wchar_t/Wint_t/Enum never reach it (witness printf_ld_wchar.c → UB153b, not this arm)	formatted.lem:471; q3_witness_outputs.txt printf_ld_wchar	
lean_frontend/generated/Implementation.lean	657	is_signed_or_unsigned_aux	failwithI	TAIL	"Implementation.is_signed_or_unsigned_aux: Enum" : Bool) |  Basic ( Integer  Wchar_t) => (	Y	Y	N	UNREACHABLE-BY-INVARIANT	promotion/normalisation (not kernel-checked): the predicate is applied to `normalise_ctype arg_ty` (formatted.lem:471) after C default argument promotion, so Char/Bool/Wchar_t/Wint_t/Enum never reach it (witness printf_ld_wchar.c → UB153b, not this arm)	formatted.lem:471; q3_witness_outputs.txt printf_ld_wchar	
lean_frontend/generated/Implementation.lean	657	is_signed_or_unsigned_aux	failwithI	TAIL	"TODO: Implementation.is_signed_or_unsigned Wchar_t" : Bool) |  Basic ( Integer  Wint_t) =	Y	Y	N	UNREACHABLE-BY-INVARIANT	promotion/normalisation (not kernel-checked): the predicate is applied to `normalise_ctype arg_ty` (formatted.lem:471) after C default argument promotion, so Char/Bool/Wchar_t/Wint_t/Enum never reach it (witness printf_ld_wchar.c → UB153b, not this arm)	formatted.lem:471; q3_witness_outputs.txt printf_ld_wchar	
lean_frontend/generated/Implementation.lean	657	is_signed_or_unsigned_aux	failwithI	TAIL	"TODO: Implementation.is_signed_or_unsigned Wint_t" : Bool) |  Basic ( Integer  Size_t) =>	Y	Y	N	UNREACHABLE-BY-INVARIANT	promotion/normalisation (not kernel-checked): the predicate is applied to `normalise_ctype arg_ty` (formatted.lem:471) after C default argument promotion, so Char/Bool/Wchar_t/Wint_t/Enum never reach it (witness printf_ld_wchar.c → UB153b, not this arm)	formatted.lem:471; q3_witness_outputs.txt printf_ld_wchar	
lean_frontend/generated/Translation_aux.lean	75	mk_stdcall	failwithI	TAIL	(String.append "[Translate_effect.E.mk_stdcall] `"   (String.append fname  "' is not a Cor	Y	Y	N	UNREACHABLE-BY-INVARIANT	pin: the pinned std.core defines conv_loaded_int (the only exec-path mk_stdcall)	driver.lem:166; runtime/libcore/std.core (grep conv_loaded_int = 1)	
lean_frontend/generated/Utils.lean	98	foldl2	failwithI	TAIL	"[Global.foldl2] the twos weren't of same length" : a)	Y	Y	Y	UNREACHABLE-BY-INVARIANT	structural: the exec-path caller (call_function) checks |params| = |args| before foldl2 (core_eval.lem:150-157); map2_ has no exec-path caller	core_eval.lem:150-157	
lean_frontend/generated/Utils.lean	103	map2_	failwithI	TAIL	"[Global.foldl2] the twos weren't of same length" : List a)	Y	Y	N	UNREACHABLE-BY-INVARIANT	structural: the exec-path caller (call_function) checks |params| = |args| before foldl2 (core_eval.lem:150-157); map2_ has no exec-path caller	core_eval.lem:150-157	
