input	cpu_pre_initial	cpu_after_initial	ratio_initial	initial_after_source	status_pre_15	status_after_15	pre_1	after_1	pre_2	after_2	cpu_pre_mean	cpu_after_mean	ratio	exceeds_1_10
sa_csmith_001.c	0.100	0.100	1.000000	15s_full_lane	MATCH	MATCH	0.10	0.10	0.10	0.10	0.100	0.100	1.000000	NO
sa_csmith_004.c	0.110	0.100	0.909091	15s_full_lane	MATCH	MATCH	0.11	0.10	0.10	0.11	0.105	0.105	1.000000	NO
sa_csmith_006.c	0.180	0.180	1.000000	15s_full_lane	MATCH	MATCH	0.18	0.19	0.18	0.18	0.180	0.185	1.027778	NO
sa_csmith_100.c	0.070	0.060	0.857143	15s_full_lane	MATCH	MATCH	0.07	0.07	0.07	0.06	0.070	0.065	0.928571	NO
sa_csmith_101.c	0.070	0.070	1.000000	15s_full_lane	MATCH	MATCH	0.07	0.07	0.08	0.07	0.075	0.070	0.933333	NO
sa_csmith_102.c	0.070	0.060	0.857143	15s_full_lane	MATCH	MATCH	0.07	0.06	0.07	0.06	0.070	0.060	0.857143	NO
sa_csmith_103.c	0.060	0.060	1.000000	15s_full_lane	MATCH	MATCH	0.07	0.06	0.07	0.06	0.070	0.060	0.857143	NO
sa_csmith_104.c	0.070	0.060	0.857143	15s_full_lane	MATCH	MATCH	0.07	0.06	0.06	0.06	0.065	0.060	0.923077	NO
sa_csmith_108.c	1.700	1.890	1.111765	15s_full_lane	MATCH	MATCH	1.78	1.90	1.70	1.79	1.740	1.845	1.060345	NO
sa_csmith_117.c	0.090	0.120	1.333333	15s_full_lane	MATCH	MATCH	0.10	0.10	0.09	0.09	0.095	0.095	1.000000	NO
sa_csmith_118.c	0.200	0.240	1.200000	15s_full_lane	MATCH	MATCH	0.22	0.20	0.20	0.20	0.210	0.200	0.952381	NO
sa_csmith_119.c	0.210	0.220	1.047619	15s_full_lane	MATCH	MATCH	0.22	0.21	0.20	0.19	0.210	0.200	0.952381	NO
sa_csmith_120.c	0.300	0.280	0.933333	15s_full_lane	MATCH	MATCH	0.31	0.31	0.28	0.28	0.295	0.295	1.000000	NO
sa_csmith_121.c	0.230	0.240	1.043478	15s_full_lane	MATCH	MATCH	0.25	0.23	0.23	0.22	0.240	0.225	0.937500	NO
sa_csmith_122.c	0.160	0.180	1.125000	15s_full_lane	MATCH	MATCH	0.18	0.17	0.17	0.16	0.175	0.165	0.942857	NO
sa_csmith_123.c	0.170	0.190	1.117647	15s_full_lane	MATCH	MATCH	0.19	0.18	0.18	0.17	0.185	0.175	0.945946	NO
sa_csmith_126.c	0.110	0.100	0.909091	15s_full_lane	MATCH	MATCH	0.10	0.10	0.10	0.10	0.100	0.100	1.000000	NO
sa_csmith_13.c	0.170	0.210	1.235294	15s_full_lane	MATCH	MATCH	0.20	0.20	0.19	0.18	0.195	0.190	0.974359	NO
sa_csmith_130.c	0.060	0.060	1.000000	15s_full_lane	MATCH	MATCH	0.07	0.06	0.06	0.06	0.065	0.060	0.923077	NO
sa_csmith_132.c	0.060	0.060	1.000000	15s_full_lane	MATCH	MATCH	0.07	0.06	0.06	0.05	0.065	0.055	0.846154	NO
sa_csmith_133.c	2.910	3.270	1.123711	15s_full_lane	MATCH	MATCH	3.04	3.30	2.94	3.15	2.990	3.225	1.078595	NO
sa_csmith_134.c	0.060	0.060	1.000000	15s_full_lane	MATCH	MATCH	0.06	0.06	0.06	0.06	0.060	0.060	1.000000	NO
sa_csmith_135.c	0.140	0.150	1.071429	15s_full_lane	MATCH	MATCH	0.15	0.15	0.14	0.14	0.145	0.145	1.000000	NO
sa_csmith_137.c	0.150	0.170	1.133333	15s_full_lane	MATCH	MATCH	0.17	0.14	0.16	0.14	0.165	0.140	0.848485	NO
sa_csmith_138.c	0.180	0.200	1.111111	15s_full_lane	MATCH	MATCH	0.22	0.18	0.20	0.18	0.210	0.180	0.857143	NO
sa_csmith_139.c	0.060	0.060	1.000000	15s_full_lane	MATCH	MATCH	0.06	0.07	0.07	0.06	0.065	0.065	1.000000	NO
sa_csmith_14.c	0.070	0.060	0.857143	15s_full_lane	MATCH	MATCH	0.07	0.06	0.06	0.07	0.065	0.065	1.000000	NO
sa_csmith_141.c	0.180	0.300	1.666667	15s_full_lane	MATCH	MATCH	0.21	0.20	0.19	0.17	0.200	0.185	0.925000	NO
sa_csmith_144.c	0.070	0.100	1.428571	15s_full_lane	MATCH	MATCH	0.07	0.06	0.07	0.07	0.070	0.065	0.928571	NO
sa_csmith_145.c	0.060	0.090	1.500000	15s_full_lane	MATCH	MATCH	0.07	0.08	0.06	0.06	0.065	0.070	1.076923	NO
sa_csmith_147.c	0.180	0.210	1.166667	15s_full_lane	MATCH	MATCH	0.19	0.18	0.17	0.15	0.180	0.165	0.916667	NO
sa_csmith_149.c	0.510	0.720	1.411765	15s_full_lane	MATCH	MATCH	0.57	0.57	0.53	0.53	0.550	0.550	1.000000	NO
sa_csmith_150.c	0.060	0.080	1.333333	15s_full_lane	MATCH	MATCH	0.07	0.06	0.07	0.06	0.070	0.060	0.857143	NO
sa_csmith_153.c	0.060	0.070	1.166667	15s_full_lane	MATCH	MATCH	0.07	0.07	0.06	0.06	0.065	0.065	1.000000	NO
sa_csmith_154.c	0.060	0.070	1.166667	15s_full_lane	MATCH	MATCH	0.07	0.06	0.06	0.06	0.065	0.060	0.923077	NO
sa_csmith_159.c	0.060	0.080	1.333333	15s_full_lane	MATCH	MATCH	0.06	0.06	0.07	0.06	0.065	0.060	0.923077	NO
sa_csmith_160.c	0.060	0.090	1.500000	15s_full_lane	MATCH	MATCH	0.06	0.06	0.06	0.06	0.060	0.060	1.000000	NO
sa_csmith_162.c	3.810	5.250	1.377953	15s_full_lane	MATCH	MATCH	3.84	4.11	3.73	4.06	3.785	4.085	1.079260	NO
sa_csmith_164.c	0.060	0.090	1.500000	15s_full_lane	MATCH	MATCH	0.07	0.06	0.06	0.06	0.065	0.060	0.923077	NO
sa_csmith_166.c	0.060	0.090	1.500000	15s_full_lane	MATCH	MATCH	0.07	0.07	0.07	0.06	0.070	0.065	0.928571	NO
sa_csmith_167.c	0.060	0.100	1.666667	15s_full_lane	MATCH	MATCH	0.06	0.06	0.06	0.06	0.060	0.060	1.000000	NO
sa_csmith_168.c	0.230	0.290	1.260870	15s_full_lane	MATCH	MATCH	0.24	0.24	0.21	0.21	0.225	0.225	1.000000	NO
sa_csmith_170.c	0.060	0.080	1.333333	15s_full_lane	MATCH	MATCH	0.07	0.06	0.06	0.06	0.065	0.060	0.923077	NO
sa_csmith_171.c	0.070	0.100	1.428571	15s_full_lane	MATCH	MATCH	0.07	0.06	0.07	0.07	0.070	0.065	0.928571	NO
sa_csmith_172.c	0.160	0.230	1.437500	15s_full_lane	MATCH	MATCH	0.17	0.16	0.17	0.15	0.170	0.155	0.911765	NO
sa_csmith_173.c	0.220	0.320	1.454545	15s_full_lane	MATCH	MATCH	0.26	0.24	0.23	0.21	0.245	0.225	0.918367	NO
sa_csmith_174.c	0.940	1.420	1.510638	15s_full_lane	MATCH	MATCH	0.99	1.07	0.96	1.02	0.975	1.045	1.071795	NO
sa_csmith_176.c	0.210	0.280	1.333333	15s_full_lane	MATCH	MATCH	0.22	0.21	0.20	0.20	0.210	0.205	0.976190	NO
sa_csmith_178.c	0.060	0.080	1.333333	15s_full_lane	MATCH	MATCH	0.06	0.06	0.06	0.06	0.060	0.060	1.000000	NO
sa_csmith_180.c	1.200	1.250	1.041667	15s_full_lane	MATCH	MATCH	1.22	1.28	1.16	1.23	1.190	1.255	1.054622	NO
sa_csmith_182.c	0.940	1.020	1.085106	15s_full_lane	MATCH	MATCH	1.00	1.03	0.97	1.00	0.985	1.015	1.030457	NO
sa_csmith_183.c	1.200	1.370	1.141667	15s_full_lane	MATCH	MATCH	1.25	1.32	1.17	1.22	1.210	1.270	1.049587	NO
sa_csmith_189.c	0.080	0.070	0.875000	15s_full_lane	MATCH	MATCH	0.08	0.08	0.08	0.07	0.080	0.075	0.937500	NO
sa_csmith_19.c	0.180	0.200	1.111111	15s_full_lane	MATCH	MATCH	0.22	0.20	0.19	0.19	0.205	0.195	0.951220	NO
sa_csmith_191.c	0.060	0.060	1.000000	15s_full_lane	MATCH	MATCH	0.07	0.06	0.06	0.06	0.065	0.060	0.923077	NO
sa_csmith_192.c	0.070	0.070	1.000000	15s_full_lane	MATCH	MATCH	0.09	0.08	0.08	0.07	0.085	0.075	0.882353	NO
sa_csmith_193.c	0.060	0.060	1.000000	15s_full_lane	MATCH	MATCH	0.06	0.06	0.07	0.06	0.065	0.060	0.923077	NO
sa_csmith_195.c	0.190	0.200	1.052632	15s_full_lane	MATCH	MATCH	0.20	0.20	0.19	0.19	0.195	0.195	1.000000	NO
sa_csmith_196.c	0.060	0.060	1.000000	15s_full_lane	MATCH	MATCH	0.07	0.06	0.07	0.07	0.070	0.065	0.928571	NO
sa_csmith_198.c	0.060	0.060	1.000000	15s_full_lane	MATCH	MATCH	0.06	0.07	0.06	0.06	0.060	0.065	1.083333	NO
sa_csmith_201.c	0.070	0.060	0.857143	15s_full_lane	MATCH	MATCH	0.06	0.07	0.06	0.06	0.060	0.065	1.083333	NO
sa_csmith_207.c	0.080	0.080	1.000000	15s_full_lane	MATCH	MATCH	0.09	0.08	0.09	0.08	0.090	0.080	0.888889	NO
sa_csmith_209.c	0.070	0.070	1.000000	15s_full_lane	MATCH	MATCH	0.07	0.06	0.07	0.07	0.070	0.065	0.928571	NO
sa_csmith_21.c	0.060	0.060	1.000000	15s_full_lane	MATCH	MATCH	0.07	0.07	0.07	0.06	0.070	0.065	0.928571	NO
sa_csmith_212.c	0.060	0.060	1.000000	15s_full_lane	MATCH	MATCH	0.06	0.06	0.07	0.06	0.065	0.060	0.923077	NO
sa_csmith_213.c	0.080	0.080	1.000000	15s_full_lane	MATCH	MATCH	0.08	0.08	0.08	0.07	0.080	0.075	0.937500	NO
sa_csmith_215.c	0.060	0.060	1.000000	15s_full_lane	MATCH	MATCH	0.07	0.06	0.07	0.06	0.070	0.060	0.857143	NO
sa_csmith_218.c	0.370	0.410	1.108108	15s_full_lane	MATCH	MATCH	0.39	0.39	0.38	0.37	0.385	0.380	0.987013	NO
sa_csmith_22.c	0.140	0.250	1.785714	15s_full_lane	MATCH	MATCH	0.16	0.17	0.16	0.15	0.160	0.160	1.000000	NO
sa_csmith_221.c	0.060	0.090	1.500000	15s_full_lane	MATCH	MATCH	0.07	0.07	0.06	0.06	0.065	0.065	1.000000	NO
sa_csmith_223.c	0.160	0.180	1.125000	15s_full_lane	MATCH	MATCH	0.18	0.17	0.17	0.15	0.175	0.160	0.914286	NO
sa_csmith_225.c	0.060	0.080	1.333333	15s_full_lane	MATCH	MATCH	0.06	0.06	0.06	0.06	0.060	0.060	1.000000	NO
sa_csmith_228.c	0.070	0.090	1.285714	15s_full_lane	MATCH	MATCH	0.06	0.07	0.08	0.07	0.070	0.070	1.000000	NO
sa_csmith_23.c	0.060	0.090	1.500000	15s_full_lane	MATCH	MATCH	0.08	0.06	0.06	0.06	0.070	0.060	0.857143	NO
sa_csmith_230.c	0.070	0.090	1.285714	15s_full_lane	MATCH	MATCH	0.07	0.07	0.07	0.06	0.070	0.065	0.928571	NO
sa_csmith_234.c	0.190	0.230	1.210526	15s_full_lane	MATCH	MATCH	0.21	0.20	0.19	0.18	0.200	0.190	0.950000	NO
sa_csmith_239.c	0.310	0.450	1.451613	15s_full_lane	MATCH	MATCH	0.34	0.33	0.32	0.31	0.330	0.320	0.969697	NO
sa_csmith_240.c	0.060	0.070	1.166667	15s_full_lane	MATCH	MATCH	0.07	0.06	0.07	0.06	0.070	0.060	0.857143	NO
sa_csmith_241.c	0.070	0.080	1.142857	15s_full_lane	MATCH	MATCH	0.07	0.07	0.07	0.07	0.070	0.070	1.000000	NO
sa_csmith_242.c	0.180	0.250	1.388889	15s_full_lane	MATCH	MATCH	0.22	0.20	0.20	0.18	0.210	0.190	0.904762	NO
sa_csmith_243.c	0.060	0.080	1.333333	15s_full_lane	MATCH	MATCH	0.07	0.06	0.06	0.06	0.065	0.060	0.923077	NO
sa_csmith_245.c	0.070	0.080	1.142857	15s_full_lane	MATCH	MATCH	0.07	0.07	0.07	0.06	0.070	0.065	0.928571	NO
sa_csmith_247.c	0.260	0.360	1.384615	15s_full_lane	MATCH	MATCH	0.30	0.28	0.28	0.27	0.290	0.275	0.948276	NO
sa_csmith_249.c	0.200	0.290	1.450000	15s_full_lane	MATCH	MATCH	0.23	0.20	0.22	0.20	0.225	0.200	0.888889	NO
sa_csmith_25.c	1.180	1.600	1.355932	15s_full_lane	MATCH	MATCH	1.26	1.33	1.22	1.28	1.240	1.305	1.052419	NO
sa_csmith_250.c	0.060	0.070	1.166667	15s_full_lane	MATCH	MATCH	0.06	0.06	0.07	0.06	0.065	0.060	0.923077	NO
sa_csmith_254.c	0.070	0.090	1.285714	15s_full_lane	MATCH	MATCH	0.06	0.06	0.06	0.06	0.060	0.060	1.000000	NO
sa_csmith_261.c	0.060	0.060	1.000000	15s_full_lane	MATCH	MATCH	0.07	0.06	0.07	0.06	0.070	0.060	0.857143	NO
sa_csmith_262.c	0.220	0.250	1.136364	15s_full_lane	MATCH	MATCH	0.25	0.24	0.24	0.24	0.245	0.240	0.979592	NO
sa_csmith_263.c	0.060	0.070	1.166667	15s_full_lane	MATCH	MATCH	0.07	0.07	0.07	0.06	0.070	0.065	0.928571	NO
sa_csmith_266.c	0.070	0.080	1.142857	15s_full_lane	MATCH	MATCH	0.08	0.08	0.07	0.07	0.075	0.075	1.000000	NO
sa_csmith_268.c	0.140	0.130	0.928571	15s_full_lane	MATCH	MATCH	0.16	0.15	0.15	0.15	0.155	0.150	0.967742	NO
sa_csmith_270.c	0.080	0.070	0.875000	15s_full_lane	MATCH	MATCH	0.09	0.08	0.07	0.07	0.080	0.075	0.937500	NO
sa_csmith_271.c	0.180	0.170	0.944444	15s_full_lane	MATCH	MATCH	0.21	0.19	0.21	0.19	0.210	0.190	0.904762	NO
sa_csmith_272.c	5.020	5.400	1.075697	15s_full_lane	MATCH	MATCH	5.04	5.50	4.97	5.43	5.005	5.465	1.091908	NO
sa_csmith_273.c	0.070	0.060	0.857143	15s_full_lane	MATCH	MATCH	0.06	0.06	0.07	0.06	0.065	0.060	0.923077	NO
sa_csmith_274.c	0.070	0.060	0.857143	15s_full_lane	MATCH	MATCH	0.07	0.06	0.06	0.06	0.065	0.060	0.923077	NO
sa_csmith_277.c	0.080	0.070	0.875000	15s_full_lane	MATCH	MATCH	0.10	0.08	0.09	0.08	0.095	0.080	0.842105	NO
sa_csmith_278.c	0.060	0.060	1.000000	15s_full_lane	MATCH	MATCH	0.07	0.07	0.07	0.06	0.070	0.065	0.928571	NO
sa_csmith_279.c	0.070	0.080	1.142857	15s_full_lane	MATCH	MATCH	0.09	0.08	0.08	0.07	0.085	0.075	0.882353	NO
sa_csmith_28.c	0.160	0.150	0.937500	15s_full_lane	MATCH	MATCH	0.18	0.18	0.17	0.16	0.175	0.170	0.971429	NO
sa_csmith_283.c	0.060	0.050	0.833333	15s_full_lane	MATCH	MATCH	0.07	0.06	0.06	0.06	0.065	0.060	0.923077	NO
sa_csmith_285.c	0.070	0.050	0.714286	15s_full_lane	MATCH	MATCH	0.07	0.07	0.06	0.06	0.065	0.065	1.000000	NO
sa_csmith_287.c	0.180	0.170	0.944444	15s_full_lane	MATCH	MATCH	0.20	0.20	0.18	0.18	0.190	0.190	1.000000	NO
sa_csmith_288.c	0.060	0.060	1.000000	15s_full_lane	MATCH	MATCH	0.06	0.06	0.07	0.06	0.065	0.060	0.923077	NO
sa_csmith_29.c	6.770	7.240	1.069424	15s_full_lane	MATCH	MATCH	7.14	7.59	6.84	7.34	6.990	7.465	1.067954	NO
sa_csmith_293.c	0.200	0.210	1.050000	15s_full_lane	MATCH	MATCH	0.21	0.20	0.21	0.19	0.210	0.195	0.928571	NO
sa_csmith_294.c	0.230	0.230	1.000000	15s_full_lane	MATCH	MATCH	0.24	0.24	0.22	0.21	0.230	0.225	0.978261	NO
sa_csmith_295.c	0.170	0.150	0.882353	15s_full_lane	MATCH	MATCH	0.18	0.17	0.17	0.17	0.175	0.170	0.971429	NO
sa_csmith_299.c	4.050	4.650	1.148148	15s_full_lane	MATCH	MATCH	4.24	4.52	4.21	4.46	4.225	4.490	1.062722	NO
sa_csmith_304.c	0.080	0.090	1.125000	15s_full_lane	MATCH	MATCH	0.08	0.07	0.07	0.07	0.075	0.070	0.933333	NO
sa_csmith_305.c	0.070	0.110	1.571429	15s_full_lane	MATCH	MATCH	0.06	0.06	0.07	0.07	0.065	0.065	1.000000	NO
sa_csmith_315.c	0.260	0.240	0.923077	15s_full_lane	MATCH	MATCH	0.27	0.27	0.28	0.25	0.275	0.260	0.945455	NO
sa_csmith_317.c	0.240	0.270	1.125000	15s_full_lane	MATCH	MATCH	0.26	0.26	0.26	0.25	0.260	0.255	0.980769	NO
sa_csmith_32.c	0.160	0.140	0.875000	15s_full_lane	MATCH	MATCH	0.18	0.17	0.17	0.16	0.175	0.165	0.942857	NO
sa_csmith_321.c	0.060	0.070	1.166667	15s_full_lane	MATCH	MATCH	0.07	0.07	0.06	0.06	0.065	0.065	1.000000	NO
sa_csmith_324.c	0.220	0.240	1.090909	15s_full_lane	MATCH	MATCH	0.23	0.22	0.22	0.23	0.225	0.225	1.000000	NO
sa_csmith_325.c	0.070	0.060	0.857143	15s_full_lane	MATCH	MATCH	0.07	0.07	0.06	0.06	0.065	0.065	1.000000	NO
sa_csmith_326.c	0.060	0.060	1.000000	15s_full_lane	MATCH	MATCH	0.06	0.06	0.06	0.06	0.060	0.060	1.000000	NO
sa_csmith_327.c	0.060	0.060	1.000000	15s_full_lane	MATCH	MATCH	0.07	0.06	0.07	0.07	0.070	0.065	0.928571	NO
sa_csmith_328.c	0.060	0.060	1.000000	15s_full_lane	MATCH	MATCH	0.07	0.07	0.06	0.06	0.065	0.065	1.000000	NO
sa_csmith_330.c	0.060	0.090	1.500000	15s_full_lane	MATCH	MATCH	0.07	0.07	0.07	0.06	0.070	0.065	0.928571	NO
sa_csmith_336.c	0.330	0.200	0.606061	15s_full_lane	MATCH	MATCH	0.19	0.19	0.19	0.19	0.190	0.190	1.000000	NO
sa_csmith_339.c	0.500	0.290	0.580000	15s_full_lane	MATCH	MATCH	0.29	0.28	0.28	0.28	0.285	0.280	0.982456	NO
sa_csmith_342.c	11.440	7.310	0.638986	15s_full_lane	MATCH	MATCH	6.74	7.27	6.42	6.99	6.580	7.130	1.083587	NO
sa_csmith_345.c	0.130	0.060	0.461538	15s_full_lane	MATCH	MATCH	0.07	0.07	0.07	0.06	0.070	0.065	0.928571	NO
sa_csmith_347.c	0.150	0.070	0.466667	15s_full_lane	MATCH	MATCH	0.07	0.07	0.07	0.06	0.070	0.065	0.928571	NO
sa_csmith_349.c	0.060	0.060	1.000000	15s_full_lane	MATCH	MATCH	0.07	0.07	0.07	0.07	0.070	0.070	1.000000	NO
sa_csmith_35.c	0.070	0.060	0.857143	15s_full_lane	MATCH	MATCH	0.07	0.07	0.07	0.07	0.070	0.070	1.000000	NO
sa_csmith_350.c	0.250	0.240	0.960000	15s_full_lane	MATCH	MATCH	0.24	0.25	0.22	0.22	0.230	0.235	1.021739	NO
sa_csmith_352.c	0.180	0.180	1.000000	15s_full_lane	MATCH	MATCH	0.19	0.17	0.16	0.15	0.175	0.160	0.914286	NO
sa_csmith_354.c	0.070	0.060	0.857143	15s_full_lane	MATCH	MATCH	0.07	0.07	0.07	0.06	0.070	0.065	0.928571	NO
sa_csmith_356.c	0.060	0.060	1.000000	15s_full_lane	MATCH	MATCH	0.07	0.06	0.07	0.06	0.070	0.060	0.857143	NO
sa_csmith_357.c	0.060	0.060	1.000000	15s_full_lane	MATCH	MATCH	0.07	0.07	0.06	0.05	0.065	0.060	0.923077	NO
sa_csmith_358.c	0.220	0.230	1.045455	15s_full_lane	MATCH	MATCH	0.23	0.23	0.20	0.20	0.215	0.215	1.000000	NO
sa_csmith_360.c	0.150	0.160	1.066667	15s_full_lane	MATCH	MATCH	0.15	0.15	0.15	0.15	0.150	0.150	1.000000	NO
sa_csmith_367.c	0.060	0.060	1.000000	15s_full_lane	MATCH	MATCH	0.07	0.06	0.07	0.06	0.070	0.060	0.857143	NO
sa_csmith_369.c	10.745	12.070	1.123313	15s_full_lane	MATCH	MATCH	11.06	11.95	10.66	11.40	10.860	11.675	1.075046	NO
sa_csmith_371.c	9.010	10.060	1.116537	15s_full_lane	MATCH	MATCH	9.10	9.77	8.86	9.50	8.980	9.635	1.072940	NO
sa_csmith_373.c	0.250	0.260	1.040000	15s_full_lane	MATCH	MATCH	0.24	0.23	0.24	0.23	0.240	0.230	0.958333	NO
sa_csmith_376.c	0.980	1.070	1.091837	15s_full_lane	MATCH	MATCH	0.98	1.02	0.97	1.01	0.975	1.015	1.041026	NO
sa_csmith_377.c	0.060	0.060	1.000000	15s_full_lane	MATCH	MATCH	0.06	0.06	0.07	0.06	0.065	0.060	0.923077	NO
sa_csmith_380.c	0.070	0.070	1.000000	15s_full_lane	MATCH	MATCH	0.07	0.06	0.07	0.06	0.070	0.060	0.857143	NO
sa_csmith_382.c	0.070	0.070	1.000000	15s_full_lane	MATCH	MATCH	0.07	0.07	0.07	0.06	0.070	0.065	0.928571	NO
sa_csmith_385.c	0.060	0.060	1.000000	15s_full_lane	MATCH	MATCH	0.07	0.06	0.07	0.06	0.070	0.060	0.857143	NO
sa_csmith_386.c	0.150	0.170	1.133333	15s_full_lane	MATCH	MATCH	0.16	0.16	0.16	0.15	0.160	0.155	0.968750	NO
sa_csmith_387.c	0.190	0.230	1.210526	15s_full_lane	MATCH	MATCH	0.22	0.22	0.21	0.21	0.215	0.215	1.000000	NO
sa_csmith_388.c	0.070	0.060	0.857143	15s_full_lane	MATCH	MATCH	0.07	0.06	0.07	0.06	0.070	0.060	0.857143	NO
sa_csmith_390.c	0.060	0.060	1.000000	15s_full_lane	MATCH	MATCH	0.06	0.07	0.07	0.07	0.065	0.070	1.076923	NO
sa_csmith_392.c	0.070	0.060	0.857143	15s_full_lane	MATCH	MATCH	0.07	0.06	0.07	0.06	0.070	0.060	0.857143	NO
sa_csmith_394.c	0.060	0.060	1.000000	15s_full_lane	MATCH	MATCH	0.06	0.06	0.07	0.06	0.065	0.060	0.923077	NO
sa_csmith_396.c	0.170	0.180	1.058824	15s_full_lane	MATCH	MATCH	0.17	0.15	0.16	0.16	0.165	0.155	0.939394	NO
sa_csmith_397.c	0.200	0.200	1.000000	15s_full_lane	MATCH	MATCH	0.20	0.19	0.20	0.19	0.200	0.190	0.950000	NO
sa_csmith_398.c	0.070	0.070	1.000000	15s_full_lane	MATCH	MATCH	0.07	0.06	0.07	0.06	0.070	0.060	0.857143	NO
sa_csmith_40.c	0.070	0.060	0.857143	15s_full_lane	MATCH	MATCH	0.07	0.06	0.06	0.06	0.065	0.060	0.923077	NO
sa_csmith_403.c	0.110	0.150	1.363636	15s_full_lane	MATCH	MATCH	0.12	0.12	0.12	0.12	0.120	0.120	1.000000	NO
sa_csmith_406.c	0.060	0.080	1.333333	15s_full_lane	MATCH	MATCH	0.07	0.07	0.07	0.07	0.070	0.070	1.000000	NO
sa_csmith_407.c	0.060	0.080	1.333333	15s_full_lane	MATCH	MATCH	0.06	0.06	0.06	0.06	0.060	0.060	1.000000	NO
sa_csmith_408.c	0.070	0.090	1.285714	15s_full_lane	MATCH	MATCH	0.06	0.06	0.07	0.06	0.065	0.060	0.923077	NO
sa_csmith_409.c	0.180	0.250	1.388889	15s_full_lane	MATCH	MATCH	0.19	0.17	0.20	0.18	0.195	0.175	0.897436	NO
sa_csmith_417.c	0.150	0.200	1.333333	15s_full_lane	MATCH	MATCH	0.16	0.14	0.16	0.15	0.160	0.145	0.906250	NO
sa_csmith_419.c	14.505	15.840	1.092037	two_completed_90s_candidate3_runs	MATCH	TIMEOUT	14.45	15.54	14.55	15.70	14.500	15.620	1.077241	NO
sa_csmith_42.c	0.180	0.190	1.055556	15s_full_lane	MATCH	MATCH	0.18	0.16	0.18	0.17	0.180	0.165	0.916667	NO
sa_csmith_422.c	0.060	0.080	1.333333	15s_full_lane	MATCH	MATCH	0.07	0.07	0.07	0.06	0.070	0.065	0.928571	NO
sa_csmith_424.c	0.060	0.100	1.666667	15s_full_lane	MATCH	MATCH	0.07	0.07	0.07	0.06	0.070	0.065	0.928571	NO
sa_csmith_426.c	0.190	0.270	1.421053	15s_full_lane	MATCH	MATCH	0.19	0.19	0.19	0.17	0.190	0.180	0.947368	NO
sa_csmith_430.c	0.060	0.070	1.166667	15s_full_lane	MATCH	MATCH	0.06	0.06	0.06	0.06	0.060	0.060	1.000000	NO
sa_csmith_431.c	0.140	0.110	0.785714	15s_full_lane	MATCH	MATCH	0.13	0.13	0.13	0.12	0.130	0.125	0.961538	NO
sa_csmith_434.c	0.070	0.060	0.857143	15s_full_lane	MATCH	MATCH	0.06	0.06	0.06	0.06	0.060	0.060	1.000000	NO
sa_csmith_439.c	0.210	0.240	1.142857	15s_full_lane	MATCH	MATCH	0.23	0.22	0.22	0.21	0.225	0.215	0.955556	NO
sa_csmith_44.c	0.100	0.110	1.100000	15s_full_lane	MATCH	MATCH	0.10	0.10	0.09	0.09	0.095	0.095	1.000000	NO
sa_csmith_440.c	0.060	0.070	1.166667	15s_full_lane	MATCH	MATCH	0.07	0.06	0.07	0.06	0.070	0.060	0.857143	NO
sa_csmith_441.c	0.060	0.060	1.000000	15s_full_lane	MATCH	MATCH	0.07	0.06	0.06	0.06	0.065	0.060	0.923077	NO
sa_csmith_444.c	0.070	0.060	0.857143	15s_full_lane	MATCH	MATCH	0.07	0.06	0.06	0.07	0.065	0.065	1.000000	NO
sa_csmith_447.c	0.070	0.060	0.857143	15s_full_lane	MATCH	MATCH	0.07	0.06	0.07	0.06	0.070	0.060	0.857143	NO
sa_csmith_45.c	0.070	0.060	0.857143	15s_full_lane	MATCH	MATCH	0.07	0.07	0.07	0.07	0.070	0.070	1.000000	NO
sa_csmith_450.c	0.240	0.250	1.041667	15s_full_lane	MATCH	MATCH	0.25	0.25	0.24	0.21	0.245	0.230	0.938776	NO
sa_csmith_451.c	0.070	0.060	0.857143	15s_full_lane	MATCH	MATCH	0.06	0.06	0.06	0.06	0.060	0.060	1.000000	NO
sa_csmith_452.c	0.220	0.210	0.954545	15s_full_lane	MATCH	MATCH	0.24	0.22	0.21	0.19	0.225	0.205	0.911111	NO
sa_csmith_460.c	0.080	0.060	0.750000	15s_full_lane	MATCH	MATCH	0.06	0.06	0.07	0.06	0.065	0.060	0.923077	NO
sa_csmith_468.c	0.070	0.060	0.857143	15s_full_lane	MATCH	MATCH	0.07	0.06	0.07	0.05	0.070	0.055	0.785714	NO
sa_csmith_469.c	0.270	0.240	0.888889	15s_full_lane	MATCH	MATCH	0.26	0.25	0.24	0.22	0.250	0.235	0.940000	NO
sa_csmith_470.c	0.270	0.240	0.888889	15s_full_lane	MATCH	MATCH	0.27	0.25	0.27	0.25	0.270	0.250	0.925926	NO
sa_csmith_51.c	0.070	0.060	0.857143	15s_full_lane	MATCH	MATCH	0.07	0.06	0.07	0.06	0.070	0.060	0.857143	NO
sa_csmith_52.c	0.250	0.220	0.880000	15s_full_lane	MATCH	MATCH	0.26	0.26	0.24	0.24	0.250	0.250	1.000000	NO
sa_csmith_56.c	0.060	0.060	1.000000	15s_full_lane	MATCH	MATCH	0.06	0.07	0.07	0.06	0.065	0.065	1.000000	NO
sa_csmith_60.c	0.060	0.060	1.000000	15s_full_lane	MATCH	MATCH	0.07	0.06	0.07	0.06	0.070	0.060	0.857143	NO
sa_csmith_61.c	0.220	0.220	1.000000	15s_full_lane	MATCH	MATCH	0.25	0.24	0.23	0.23	0.240	0.235	0.979167	NO
sa_csmith_63.c	0.410	0.410	1.000000	15s_full_lane	MATCH	MATCH	0.44	0.45	0.42	0.42	0.430	0.435	1.011628	NO
sa_csmith_64.c	0.180	0.160	0.888889	15s_full_lane	MATCH	MATCH	0.18	0.17	0.17	0.16	0.175	0.165	0.942857	NO
sa_csmith_66.c	0.220	0.190	0.863636	15s_full_lane	MATCH	MATCH	0.23	0.23	0.22	0.21	0.225	0.220	0.977778	NO
sa_csmith_67.c	0.060	0.060	1.000000	15s_full_lane	MATCH	MATCH	0.06	0.07	0.07	0.06	0.065	0.065	1.000000	NO
sa_csmith_68.c	0.060	0.050	0.833333	15s_full_lane	MATCH	MATCH	0.06	0.06	0.07	0.06	0.065	0.060	0.923077	NO
sa_csmith_7.c	0.070	0.060	0.857143	15s_full_lane	MATCH	MATCH	0.07	0.06	0.07	0.06	0.070	0.060	0.857143	NO
sa_csmith_75.c	3.620	3.820	1.055249	15s_full_lane	MATCH	MATCH	3.64	3.93	3.66	3.85	3.650	3.890	1.065753	NO
sa_csmith_76.c	0.200	0.180	0.900000	15s_full_lane	MATCH	MATCH	0.21	0.20	0.19	0.19	0.200	0.195	0.975000	NO
sa_csmith_79.c	0.060	0.050	0.833333	15s_full_lane	MATCH	MATCH	0.06	0.06	0.07	0.06	0.065	0.060	0.923077	NO
sa_csmith_81.c	0.060	0.060	1.000000	15s_full_lane	MATCH	MATCH	0.06	0.06	0.06	0.06	0.060	0.060	1.000000	NO
sa_csmith_82.c	0.340	0.370	1.088235	15s_full_lane	MATCH	MATCH	0.35	0.36	0.35	0.36	0.350	0.360	1.028571	NO
sa_csmith_83.c	0.070	0.060	0.857143	15s_full_lane	MATCH	MATCH	0.06	0.06	0.07	0.06	0.065	0.060	0.923077	NO
sa_csmith_84.c	0.070	0.060	0.857143	15s_full_lane	MATCH	MATCH	0.06	0.07	0.07	0.06	0.065	0.065	1.000000	NO
sa_csmith_87.c	0.070	0.070	1.000000	15s_full_lane	MATCH	MATCH	0.08	0.07	0.07	0.07	0.075	0.070	0.933333	NO
sa_csmith_89.c	0.470	0.490	1.042553	15s_full_lane	MATCH	MATCH	0.48	0.50	0.47	0.50	0.475	0.500	1.052632	NO
sa_csmith_90.c	0.200	0.200	1.000000	15s_full_lane	MATCH	MATCH	0.22	0.21	0.20	0.19	0.210	0.200	0.952381	NO
sa_csmith_91.c	0.070	0.060	0.857143	15s_full_lane	MATCH	MATCH	0.07	0.06	0.07	0.06	0.070	0.060	0.857143	NO
sa_csmith_92.c	0.520	0.540	1.038462	15s_full_lane	MATCH	MATCH	0.56	0.56	0.54	0.56	0.550	0.560	1.018182	NO
sa_csmith_95.c	0.220	0.200	0.909091	15s_full_lane	MATCH	MATCH	0.24	0.23	0.22	0.21	0.230	0.220	0.956522	NO
sa_csmith_96.c	0.060	0.060	1.000000	15s_full_lane	MATCH	MATCH	0.07	0.07	0.07	0.06	0.070	0.065	0.928571	NO
sia_csmith_002.c	0.070	0.070	1.000000	15s_full_lane	MATCH	MATCH	0.08	0.07	0.08	0.07	0.080	0.070	0.875000	NO
sia_csmith_003.c	0.060	0.060	1.000000	15s_full_lane	MATCH	MATCH	0.06	0.06	0.06	0.06	0.060	0.060	1.000000	NO
sia_csmith_004.c	0.070	0.050	0.714286	15s_full_lane	MATCH	MATCH	0.07	0.06	0.06	0.06	0.065	0.060	0.923077	NO
sia_csmith_005.c	0.060	0.050	0.833333	15s_full_lane	MATCH	MATCH	0.06	0.06	0.06	0.06	0.060	0.060	1.000000	NO
sia_csmith_006.c	0.480	0.500	1.041667	15s_full_lane	MATCH	MATCH	0.49	0.52	0.47	0.50	0.480	0.510	1.062500	NO
sia_csmith_007.c	0.070	0.050	0.714286	15s_full_lane	MATCH	MATCH	0.07	0.07	0.07	0.06	0.070	0.065	0.928571	NO
sia_csmith_008.c	0.090	0.070	0.777778	15s_full_lane	MATCH	MATCH	0.09	0.09	0.09	0.08	0.090	0.085	0.944444	NO
sia_csmith_009.c	0.070	0.060	0.857143	15s_full_lane	MATCH	MATCH	0.08	0.08	0.07	0.07	0.075	0.075	1.000000	NO
sia_csmith_010.c	0.070	0.060	0.857143	15s_full_lane	MATCH	MATCH	0.07	0.06	0.07	0.07	0.070	0.065	0.928571	NO
sia_csmith_011.c	0.060	0.050	0.833333	15s_full_lane	MATCH	MATCH	0.07	0.06	0.06	0.05	0.065	0.055	0.846154	NO
sia_csmith_012.c	0.060	0.060	1.000000	15s_full_lane	MATCH	MATCH	0.06	0.06	0.06	0.06	0.060	0.060	1.000000	NO
sia_csmith_013.c	0.070	0.060	0.857143	15s_full_lane	MATCH	MATCH	0.07	0.06	0.07	0.06	0.070	0.060	0.857143	NO
sia_csmith_014.c	0.090	0.080	0.888889	15s_full_lane	MATCH	MATCH	0.10	0.09	0.10	0.09	0.100	0.090	0.900000	NO
sia_csmith_015.c	0.060	0.060	1.000000	15s_full_lane	MATCH	MATCH	0.06	0.06	0.06	0.06	0.060	0.060	1.000000	NO
sia_csmith_016.c	8.320	8.990	1.080529	15s_full_lane	MATCH	MATCH	8.44	9.11	8.38	9.01	8.410	9.060	1.077289	NO
sia_csmith_017.c	0.060	0.060	1.000000	15s_full_lane	MATCH	MATCH	0.07	0.06	0.06	0.06	0.065	0.060	0.923077	NO
sia_csmith_018.c	0.200	0.210	1.050000	15s_full_lane	MATCH	MATCH	0.20	0.21	0.20	0.20	0.200	0.205	1.025000	NO
sia_csmith_019.c	0.110	0.110	1.000000	15s_full_lane	MATCH	MATCH	0.12	0.12	0.12	0.11	0.120	0.115	0.958333	NO
sia_csmith_020.c	0.070	0.060	0.857143	15s_full_lane	MATCH	MATCH	0.07	0.06	0.07	0.07	0.070	0.065	0.928571	NO
sia_csmith_021.c	0.280	0.300	1.071429	15s_full_lane	MATCH	MATCH	0.29	0.30	0.29	0.30	0.290	0.300	1.034483	NO
sia_csmith_022.c	0.080	0.090	1.125000	15s_full_lane	MATCH	MATCH	0.09	0.08	0.08	0.08	0.085	0.080	0.941176	NO
sia_csmith_023.c	0.070	0.060	0.857143	15s_full_lane	MATCH	MATCH	0.07	0.07	0.07	0.06	0.070	0.065	0.928571	NO
sia_csmith_024.c	0.070	0.060	0.857143	15s_full_lane	MATCH	MATCH	0.07	0.06	0.07	0.07	0.070	0.065	0.928571	NO
sia_csmith_025.c	0.060	0.060	1.000000	15s_full_lane	MATCH	MATCH	0.06	0.05	0.07	0.06	0.065	0.055	0.846154	NO
sia_csmith_026.c	0.060	0.060	1.000000	15s_full_lane	MATCH	MATCH	0.07	0.06	0.07	0.06	0.070	0.060	0.857143	NO
sia_csmith_027.c	0.070	0.060	0.857143	15s_full_lane	MATCH	MATCH	0.07	0.07	0.07	0.07	0.070	0.070	1.000000	NO
sia_csmith_028.c	0.120	0.110	0.916667	15s_full_lane	MATCH	MATCH	0.12	0.11	0.12	0.12	0.120	0.115	0.958333	NO
sia_csmith_029.c	0.060	0.060	1.000000	15s_full_lane	MATCH	MATCH	0.07	0.06	0.07	0.06	0.070	0.060	0.857143	NO
sia_csmith_030.c	0.480	0.520	1.083333	15s_full_lane	MATCH	MATCH	0.50	0.53	0.50	0.53	0.500	0.530	1.060000	NO
sia_csmith_033.c	0.110	0.110	1.000000	15s_full_lane	MATCH	MATCH	0.11	0.11	0.11	0.11	0.110	0.110	1.000000	NO
sia_csmith_034.c	0.080	0.070	0.875000	15s_full_lane	MATCH	MATCH	0.08	0.07	0.08	0.07	0.080	0.070	0.875000	NO
sia_csmith_035.c	0.170	0.140	0.823529	15s_full_lane	MATCH	MATCH	0.17	0.16	0.15	0.15	0.160	0.155	0.968750	NO
sia_csmith_036.c	0.110	0.090	0.818182	15s_full_lane	MATCH	MATCH	0.10	0.09	0.10	0.10	0.100	0.095	0.950000	NO
sia_csmith_038.c	0.110	0.060	0.545455	15s_full_lane	MATCH	MATCH	0.07	0.06	0.07	0.06	0.070	0.060	0.857143	NO
sia_csmith_039.c	0.060	0.060	1.000000	15s_full_lane	MATCH	MATCH	0.07	0.07	0.07	0.06	0.070	0.065	0.928571	NO
sia_csmith_040.c	0.090	0.070	0.777778	15s_full_lane	MATCH	MATCH	0.08	0.08	0.08	0.08	0.080	0.080	1.000000	NO
sia_csmith_041.c	10.830	10.380	0.958449	15s_full_lane	MATCH	MATCH	9.84	10.64	9.83	10.55	9.835	10.595	1.077275	NO
sia_csmith_042.c	0.090	0.060	0.666667	15s_full_lane	MATCH	MATCH	0.07	0.06	0.07	0.06	0.070	0.060	0.857143	NO
sia_csmith_043.c	0.250	0.180	0.720000	15s_full_lane	MATCH	MATCH	0.18	0.19	0.17	0.19	0.175	0.190	1.085714	NO
sia_csmith_044.c	0.120	0.110	0.916667	15s_full_lane	MATCH	MATCH	0.11	0.10	0.12	0.10	0.115	0.100	0.869565	NO
sia_csmith_045.c	0.080	0.050	0.625000	15s_full_lane	MATCH	MATCH	0.07	0.07	0.08	0.06	0.075	0.065	0.866667	NO
sia_csmith_046.c	0.070	0.050	0.714286	15s_full_lane	MATCH	MATCH	0.07	0.06	0.07	0.06	0.070	0.060	0.857143	NO
sia_csmith_048.c	0.070	0.060	0.857143	15s_full_lane	MATCH	MATCH	0.07	0.06	0.06	0.07	0.065	0.065	1.000000	NO
sia_csmith_049.c	0.060	0.060	1.000000	15s_full_lane	MATCH	MATCH	0.06	0.06	0.07	0.06	0.065	0.060	0.923077	NO
sia_csmith_050.c	0.060	0.060	1.000000	15s_full_lane	MATCH	MATCH	0.07	0.06	0.07	0.05	0.070	0.055	0.785714	NO
sia_csmith_051.c	0.070	0.060	0.857143	15s_full_lane	MATCH	MATCH	0.07	0.06	0.07	0.07	0.070	0.065	0.928571	NO
sia_csmith_052.c	0.080	0.060	0.750000	15s_full_lane	MATCH	MATCH	0.07	0.07	0.08	0.07	0.075	0.070	0.933333	NO
sia_csmith_053.c	0.070	0.060	0.857143	15s_full_lane	MATCH	MATCH	0.07	0.07	0.07	0.06	0.070	0.065	0.928571	NO
sia_csmith_054.c	0.070	0.060	0.857143	15s_full_lane	MATCH	MATCH	0.07	0.07	0.07	0.06	0.070	0.065	0.928571	NO
sia_csmith_056.c	0.090	0.080	0.888889	15s_full_lane	MATCH	MATCH	0.09	0.09	0.09	0.08	0.090	0.085	0.944444	NO
sia_csmith_057.c	0.060	0.050	0.833333	15s_full_lane	MATCH	MATCH	0.07	0.06	0.07	0.06	0.070	0.060	0.857143	NO
sia_csmith_058.c	0.070	0.060	0.857143	15s_full_lane	MATCH	MATCH	0.06	0.06	0.07	0.06	0.065	0.060	0.923077	NO
sia_csmith_059.c	0.100	0.090	0.900000	15s_full_lane	MATCH	MATCH	0.10	0.10	0.10	0.10	0.100	0.100	1.000000	NO
sia_csmith_060.c	0.070	0.060	0.857143	15s_full_lane	MATCH	MATCH	0.07	0.07	0.07	0.06	0.070	0.065	0.928571	NO
sia_csmith_061.c	0.100	0.090	0.900000	15s_full_lane	MATCH	MATCH	0.10	0.10	0.10	0.09	0.100	0.095	0.950000	NO
sia_csmith_062.c	0.120	0.110	0.916667	15s_full_lane	MATCH	MATCH	0.11	0.11	0.11	0.11	0.110	0.110	1.000000	NO
sia_csmith_063.c	0.070	0.060	0.857143	15s_full_lane	MATCH	MATCH	0.07	0.07	0.07	0.07	0.070	0.070	1.000000	NO
sia_csmith_064.c	0.080	0.070	0.875000	15s_full_lane	MATCH	MATCH	0.07	0.07	0.09	0.07	0.080	0.070	0.875000	NO
sia_csmith_065.c	0.070	0.050	0.714286	15s_full_lane	MATCH	MATCH	0.07	0.06	0.07	0.06	0.070	0.060	0.857143	NO
sia_csmith_066.c	0.070	0.060	0.857143	15s_full_lane	MATCH	MATCH	0.06	0.06	0.07	0.07	0.065	0.065	1.000000	NO
sia_csmith_067.c	0.150	0.140	0.933333	15s_full_lane	MATCH	MATCH	0.15	0.15	0.15	0.14	0.150	0.145	0.966667	NO
sia_csmith_068.c	0.070	0.060	0.857143	15s_full_lane	MATCH	MATCH	0.08	0.08	0.08	0.07	0.080	0.075	0.937500	NO
sia_csmith_069.c	0.080	0.070	0.875000	15s_full_lane	MATCH	MATCH	0.08	0.08	0.08	0.08	0.080	0.080	1.000000	NO
sia_csmith_070.c	0.070	0.050	0.714286	15s_full_lane	MATCH	MATCH	0.06	0.06	0.06	0.06	0.060	0.060	1.000000	NO
sia_csmith_071.c	0.310	0.320	1.032258	15s_full_lane	MATCH	MATCH	0.31	0.32	0.30	0.31	0.305	0.315	1.032787	NO
sia_csmith_073.c	1.140	1.140	1.000000	15s_full_lane	MATCH	MATCH	1.10	1.18	1.09	1.15	1.095	1.165	1.063927	NO
sia_csmith_075.c	0.060	0.050	0.833333	15s_full_lane	MATCH	MATCH	0.06	0.05	0.06	0.06	0.060	0.055	0.916667	NO
sia_csmith_076.c	2.600	2.740	1.053846	15s_full_lane	MATCH	MATCH	2.65	2.81	2.67	2.82	2.660	2.815	1.058271	NO
sia_csmith_077.c	0.100	0.100	1.000000	15s_full_lane	MATCH	MATCH	0.11	0.11	0.11	0.11	0.110	0.110	1.000000	NO
sia_csmith_078.c	0.850	0.870	1.023529	15s_full_lane	MATCH	MATCH	0.84	0.89	0.85	1.32	0.845	1.105	1.307692	YES
sia_csmith_080.c	0.070	0.070	1.000000	15s_full_lane	MATCH	MATCH	0.08	0.07	0.13	0.10	0.105	0.085	0.809524	NO
sia_csmith_081.c	0.140	0.130	0.928571	15s_full_lane	MATCH	MATCH	0.15	0.14	0.25	0.25	0.200	0.195	0.975000	NO
sia_csmith_082.c	0.100	0.090	0.900000	15s_full_lane	MATCH	MATCH	0.09	0.10	0.13	0.12	0.110	0.110	1.000000	NO
sia_csmith_083.c	0.070	0.060	0.857143	15s_full_lane	MATCH	MATCH	0.08	0.08	0.08	0.07	0.080	0.075	0.937500	NO
sia_csmith_084.c	0.060	0.050	0.833333	15s_full_lane	MATCH	MATCH	0.07	0.06	0.07	0.06	0.070	0.060	0.857143	NO
sia_csmith_085.c	0.060	0.060	1.000000	15s_full_lane	MATCH	MATCH	0.06	0.06	0.07	0.06	0.065	0.060	0.923077	NO
sia_csmith_086.c	0.190	0.190	1.000000	15s_full_lane	MATCH	MATCH	0.20	0.21	0.20	0.21	0.200	0.210	1.050000	NO
sia_csmith_087.c	0.060	0.060	1.000000	15s_full_lane	MATCH	MATCH	0.06	0.06	0.07	0.07	0.065	0.065	1.000000	NO
sia_csmith_088.c	3.510	3.650	1.039886	15s_full_lane	MATCH	MATCH	3.46	3.67	3.45	3.65	3.455	3.660	1.059334	NO
