input	status_pre_15	status_head_15	exit_pre_15	exit_head_15	reason
sa_csmith_002.c	CERB_SKIP	CERB_SKIP	NA	NA	unexecuted_or_censored; no completed-CPU ratio
sa_csmith_003.c	CERB_SKIP	CERB_SKIP	NA	NA	unexecuted_or_censored; no completed-CPU ratio
sa_csmith_005.c	CERB_SKIP	CERB_SKIP	NA	NA	unexecuted_or_censored; no completed-CPU ratio
sa_csmith_10.c	CERB_SKIP	CERB_SKIP	NA	NA	unexecuted_or_censored; no completed-CPU ratio
sa_csmith_105.c	CERB_SKIP	CERB_SKIP	NA	NA	unexecuted_or_censored; no completed-CPU ratio
sa_csmith_106.c	CERB_SKIP	CERB_SKIP	NA	NA	unexecuted_or_censored; no completed-CPU ratio
sa_csmith_107.c	CERB_SKIP	CERB_SKIP	NA	NA	unexecuted_or_censored; no completed-CPU ratio
sa_csmith_109.c	CERB_SKIP	CERB_SKIP	NA	NA	unexecuted_or_censored; no completed-CPU ratio
sa_csmith_11.c	CERB_SKIP	CERB_SKIP	NA	NA	unexecuted_or_censored; no completed-CPU ratio
sa_csmith_110.c	CERB_SKIP	CERB_SKIP	NA	NA	unexecuted_or_censored; no completed-CPU ratio
sa_csmith_111.c	CERB_SKIP	CERB_SKIP	NA	NA	unexecuted_or_censored; no completed-CPU ratio
sa_csmith_112.c	CERB_SKIP	CERB_SKIP	NA	NA	unexecuted_or_censored; no completed-CPU ratio
sa_csmith_113.c	CERB_SKIP	CERB_SKIP	NA	NA	unexecuted_or_censored; no completed-CPU ratio
sa_csmith_114.c	CERB_SKIP	CERB_SKIP	NA	NA	unexecuted_or_censored; no completed-CPU ratio
sa_csmith_115.c	CERB_SKIP	CERB_SKIP	NA	NA	unexecuted_or_censored; no completed-CPU ratio
sa_csmith_116.c	CERB_SKIP	CERB_SKIP	NA	NA	unexecuted_or_censored; no completed-CPU ratio
sa_csmith_12.c	CERB_SKIP	CERB_SKIP	NA	NA	unexecuted_or_censored; no completed-CPU ratio
sa_csmith_124.c	CERB_SKIP	CERB_SKIP	NA	NA	unexecuted_or_censored; no completed-CPU ratio
sa_csmith_125.c	CERB_SKIP	CERB_SKIP	NA	NA	unexecuted_or_censored; no completed-CPU ratio
sa_csmith_127.c	CERB_SKIP	CERB_SKIP	NA	NA	unexecuted_or_censored; no completed-CPU ratio
sa_csmith_128.c	CERB_SKIP	CERB_SKIP	NA	NA	unexecuted_or_censored; no completed-CPU ratio
sa_csmith_129.c	CERB_SKIP	CERB_SKIP	NA	NA	unexecuted_or_censored; no completed-CPU ratio
sa_csmith_131.c	CERB_SKIP	CERB_SKIP	NA	NA	unexecuted_or_censored; no completed-CPU ratio
sa_csmith_136.c	CERB_SKIP	CERB_SKIP	NA	NA	unexecuted_or_censored; no completed-CPU ratio
sa_csmith_140.c	CERB_SKIP	CERB_SKIP	NA	NA	unexecuted_or_censored; no completed-CPU ratio
sa_csmith_142.c	CERB_SKIP	CERB_SKIP	NA	NA	unexecuted_or_censored; no completed-CPU ratio
sa_csmith_143.c	CERB_SKIP	CERB_SKIP	NA	NA	unexecuted_or_censored; no completed-CPU ratio
sa_csmith_146.c	CERB_SKIP	CERB_SKIP	NA	NA	unexecuted_or_censored; no completed-CPU ratio
sa_csmith_148.c	CERB_SKIP	CERB_SKIP	NA	NA	unexecuted_or_censored; no completed-CPU ratio
sa_csmith_15.c	CERB_SKIP	CERB_SKIP	NA	NA	unexecuted_or_censored; no completed-CPU ratio
sa_csmith_151.c	CERB_SKIP	CERB_SKIP	NA	NA	unexecuted_or_censored; no completed-CPU ratio
sa_csmith_152.c	CERB_SKIP	CERB_SKIP	NA	NA	unexecuted_or_censored; no completed-CPU ratio
sa_csmith_155.c	CERB_SKIP	CERB_SKIP	NA	NA	unexecuted_or_censored; no completed-CPU ratio
sa_csmith_156.c	CERB_SKIP	CERB_SKIP	NA	NA	unexecuted_or_censored; no completed-CPU ratio
sa_csmith_157.c	CERB_SKIP	CERB_SKIP	NA	NA	unexecuted_or_censored; no completed-CPU ratio
sa_csmith_158.c	CERB_SKIP	CERB_SKIP	NA	NA	unexecuted_or_censored; no completed-CPU ratio
sa_csmith_16.c	CERB_SKIP	CERB_SKIP	NA	NA	unexecuted_or_censored; no completed-CPU ratio
sa_csmith_161.c	CERB_SKIP	CERB_SKIP	NA	NA	unexecuted_or_censored; no completed-CPU ratio
sa_csmith_163.c	CERB_SKIP	CERB_SKIP	NA	NA	unexecuted_or_censored; no completed-CPU ratio
sa_csmith_165.c	CERB_SKIP	CERB_SKIP	NA	NA	unexecuted_or_censored; no completed-CPU ratio
sa_csmith_169.c	CERB_SKIP	CERB_SKIP	NA	NA	unexecuted_or_censored; no completed-CPU ratio
sa_csmith_17.c	CERB_SKIP	CERB_SKIP	NA	NA	unexecuted_or_censored; no completed-CPU ratio
sa_csmith_175.c	CERB_SKIP	CERB_SKIP	NA	NA	unexecuted_or_censored; no completed-CPU ratio
sa_csmith_177.c	CERB_SKIP	CERB_SKIP	NA	NA	unexecuted_or_censored; no completed-CPU ratio
sa_csmith_179.c	CERB_SKIP	CERB_SKIP	NA	NA	unexecuted_or_censored; no completed-CPU ratio
sa_csmith_18.c	CERB_SKIP	CERB_SKIP	NA	NA	unexecuted_or_censored; no completed-CPU ratio
sa_csmith_181.c	CERB_SKIP	CERB_SKIP	NA	NA	unexecuted_or_censored; no completed-CPU ratio
sa_csmith_184.c	CERB_SKIP	CERB_SKIP	NA	NA	unexecuted_or_censored; no completed-CPU ratio
sa_csmith_185.c	CERB_SKIP	CERB_SKIP	NA	NA	unexecuted_or_censored; no completed-CPU ratio
sa_csmith_186.c	CERB_SKIP	CERB_SKIP	NA	NA	unexecuted_or_censored; no completed-CPU ratio
sa_csmith_187.c	CERB_SKIP	CERB_SKIP	NA	NA	unexecuted_or_censored; no completed-CPU ratio
sa_csmith_188.c	CERB_SKIP	CERB_SKIP	NA	NA	unexecuted_or_censored; no completed-CPU ratio
sa_csmith_190.c	CERB_SKIP	CERB_SKIP	NA	NA	unexecuted_or_censored; no completed-CPU ratio
sa_csmith_194.c	CERB_SKIP	CERB_SKIP	NA	NA	unexecuted_or_censored; no completed-CPU ratio
sa_csmith_197.c	TIMEOUT	TIMEOUT	124	124	unexecuted_or_censored; no completed-CPU ratio
sa_csmith_199.c	CERB_SKIP	CERB_SKIP	NA	NA	unexecuted_or_censored; no completed-CPU ratio
sa_csmith_20.c	CERB_SKIP	CERB_SKIP	NA	NA	unexecuted_or_censored; no completed-CPU ratio
sa_csmith_200.c	CERB_SKIP	CERB_SKIP	NA	NA	unexecuted_or_censored; no completed-CPU ratio
sa_csmith_202.c	CERB_SKIP	CERB_SKIP	NA	NA	unexecuted_or_censored; no completed-CPU ratio
sa_csmith_203.c	CERB_SKIP	CERB_SKIP	NA	NA	unexecuted_or_censored; no completed-CPU ratio
sa_csmith_204.c	CERB_SKIP	CERB_SKIP	NA	NA	unexecuted_or_censored; no completed-CPU ratio
sa_csmith_205.c	CERB_SKIP	CERB_SKIP	NA	NA	unexecuted_or_censored; no completed-CPU ratio
sa_csmith_206.c	CERB_SKIP	CERB_SKIP	NA	NA	unexecuted_or_censored; no completed-CPU ratio
sa_csmith_208.c	CERB_SKIP	CERB_SKIP	NA	NA	unexecuted_or_censored; no completed-CPU ratio
sa_csmith_210.c	CERB_SKIP	CERB_SKIP	NA	NA	unexecuted_or_censored; no completed-CPU ratio
sa_csmith_211.c	CERB_SKIP	CERB_SKIP	NA	NA	unexecuted_or_censored; no completed-CPU ratio
sa_csmith_214.c	CERB_SKIP	CERB_SKIP	NA	NA	unexecuted_or_censored; no completed-CPU ratio
sa_csmith_216.c	CERB_SKIP	CERB_SKIP	NA	NA	unexecuted_or_censored; no completed-CPU ratio
sa_csmith_217.c	CERB_SKIP	CERB_SKIP	NA	NA	unexecuted_or_censored; no completed-CPU ratio
sa_csmith_219.c	CERB_SKIP	CERB_SKIP	NA	NA	unexecuted_or_censored; no completed-CPU ratio
sa_csmith_220.c	CERB_SKIP	CERB_SKIP	NA	NA	unexecuted_or_censored; no completed-CPU ratio
sa_csmith_222.c	CERB_SKIP	CERB_SKIP	NA	NA	unexecuted_or_censored; no completed-CPU ratio
sa_csmith_224.c	CERB_SKIP	CERB_SKIP	NA	NA	unexecuted_or_censored; no completed-CPU ratio
sa_csmith_226.c	CERB_SKIP	CERB_SKIP	NA	NA	unexecuted_or_censored; no completed-CPU ratio
sa_csmith_227.c	CERB_SKIP	CERB_SKIP	NA	NA	unexecuted_or_censored; no completed-CPU ratio
sa_csmith_229.c	CERB_SKIP	CERB_SKIP	NA	NA	unexecuted_or_censored; no completed-CPU ratio
sa_csmith_231.c	CERB_SKIP	CERB_SKIP	NA	NA	unexecuted_or_censored; no completed-CPU ratio
sa_csmith_232.c	CERB_SKIP	CERB_SKIP	NA	NA	unexecuted_or_censored; no completed-CPU ratio
sa_csmith_233.c	CERB_SKIP	CERB_SKIP	NA	NA	unexecuted_or_censored; no completed-CPU ratio
sa_csmith_235.c	CERB_SKIP	CERB_SKIP	NA	NA	unexecuted_or_censored; no completed-CPU ratio
sa_csmith_236.c	CERB_SKIP	CERB_SKIP	NA	NA	unexecuted_or_censored; no completed-CPU ratio
sa_csmith_237.c	CERB_SKIP	CERB_SKIP	NA	NA	unexecuted_or_censored; no completed-CPU ratio
sa_csmith_238.c	CERB_SKIP	CERB_SKIP	NA	NA	unexecuted_or_censored; no completed-CPU ratio
sa_csmith_24.c	CERB_SKIP	CERB_SKIP	NA	NA	unexecuted_or_censored; no completed-CPU ratio
sa_csmith_244.c	CERB_SKIP	CERB_SKIP	NA	NA	unexecuted_or_censored; no completed-CPU ratio
sa_csmith_246.c	CERB_SKIP	CERB_SKIP	NA	NA	unexecuted_or_censored; no completed-CPU ratio
sa_csmith_248.c	CERB_SKIP	CERB_SKIP	NA	NA	unexecuted_or_censored; no completed-CPU ratio
sa_csmith_251.c	CERB_SKIP	CERB_SKIP	NA	NA	unexecuted_or_censored; no completed-CPU ratio
sa_csmith_252.c	CERB_SKIP	CERB_SKIP	NA	NA	unexecuted_or_censored; no completed-CPU ratio
sa_csmith_253.c	CERB_SKIP	CERB_SKIP	NA	NA	unexecuted_or_censored; no completed-CPU ratio
sa_csmith_255.c	CERB_SKIP	CERB_SKIP	NA	NA	unexecuted_or_censored; no completed-CPU ratio
sa_csmith_256.c	CERB_SKIP	CERB_SKIP	NA	NA	unexecuted_or_censored; no completed-CPU ratio
sa_csmith_257.c	CERB_SKIP	CERB_SKIP	NA	NA	unexecuted_or_censored; no completed-CPU ratio
sa_csmith_258.c	CERB_SKIP	CERB_SKIP	NA	NA	unexecuted_or_censored; no completed-CPU ratio
sa_csmith_259.c	CERB_SKIP	CERB_SKIP	NA	NA	unexecuted_or_censored; no completed-CPU ratio
sa_csmith_26.c	CERB_SKIP	CERB_SKIP	NA	NA	unexecuted_or_censored; no completed-CPU ratio
sa_csmith_260.c	CERB_SKIP	CERB_SKIP	NA	NA	unexecuted_or_censored; no completed-CPU ratio
sa_csmith_264.c	CERB_SKIP	CERB_SKIP	NA	NA	unexecuted_or_censored; no completed-CPU ratio
sa_csmith_265.c	CERB_SKIP	CERB_SKIP	NA	NA	unexecuted_or_censored; no completed-CPU ratio
sa_csmith_267.c	CERB_SKIP	CERB_SKIP	NA	NA	unexecuted_or_censored; no completed-CPU ratio
sa_csmith_269.c	CERB_SKIP	CERB_SKIP	NA	NA	unexecuted_or_censored; no completed-CPU ratio
sa_csmith_27.c	CERB_SKIP	CERB_SKIP	NA	NA	unexecuted_or_censored; no completed-CPU ratio
sa_csmith_275.c	CERB_SKIP	CERB_SKIP	NA	NA	unexecuted_or_censored; no completed-CPU ratio
sa_csmith_276.c	CERB_SKIP	CERB_SKIP	NA	NA	unexecuted_or_censored; no completed-CPU ratio
sa_csmith_280.c	CERB_SKIP	CERB_SKIP	NA	NA	unexecuted_or_censored; no completed-CPU ratio
sa_csmith_281.c	CERB_SKIP	CERB_SKIP	NA	NA	unexecuted_or_censored; no completed-CPU ratio
sa_csmith_282.c	CERB_SKIP	CERB_SKIP	NA	NA	unexecuted_or_censored; no completed-CPU ratio
sa_csmith_284.c	CERB_SKIP	CERB_SKIP	NA	NA	unexecuted_or_censored; no completed-CPU ratio
sa_csmith_286.c	CERB_SKIP	CERB_SKIP	NA	NA	unexecuted_or_censored; no completed-CPU ratio
sa_csmith_289.c	CERB_SKIP	CERB_SKIP	NA	NA	unexecuted_or_censored; no completed-CPU ratio
sa_csmith_290.c	CERB_SKIP	CERB_SKIP	NA	NA	unexecuted_or_censored; no completed-CPU ratio
sa_csmith_291.c	CERB_SKIP	CERB_SKIP	NA	NA	unexecuted_or_censored; no completed-CPU ratio
sa_csmith_292.c	CERB_SKIP	CERB_SKIP	NA	NA	unexecuted_or_censored; no completed-CPU ratio
sa_csmith_296.c	CERB_SKIP	CERB_SKIP	NA	NA	unexecuted_or_censored; no completed-CPU ratio
sa_csmith_297.c	CERB_SKIP	CERB_SKIP	NA	NA	unexecuted_or_censored; no completed-CPU ratio
sa_csmith_298.c	CERB_SKIP	CERB_SKIP	NA	NA	unexecuted_or_censored; no completed-CPU ratio
sa_csmith_30.c	CERB_SKIP	CERB_SKIP	NA	NA	unexecuted_or_censored; no completed-CPU ratio
sa_csmith_300.c	CERB_SKIP	CERB_SKIP	NA	NA	unexecuted_or_censored; no completed-CPU ratio
sa_csmith_301.c	CERB_SKIP	CERB_SKIP	NA	NA	unexecuted_or_censored; no completed-CPU ratio
sa_csmith_302.c	CERB_SKIP	CERB_SKIP	NA	NA	unexecuted_or_censored; no completed-CPU ratio
sa_csmith_303.c	CERB_SKIP	CERB_SKIP	NA	NA	unexecuted_or_censored; no completed-CPU ratio
sa_csmith_306.c	CERB_SKIP	CERB_SKIP	NA	NA	unexecuted_or_censored; no completed-CPU ratio
sa_csmith_307.c	CERB_SKIP	CERB_SKIP	NA	NA	unexecuted_or_censored; no completed-CPU ratio
sa_csmith_308.c	CERB_SKIP	CERB_SKIP	NA	NA	unexecuted_or_censored; no completed-CPU ratio
sa_csmith_309.c	CERB_SKIP	CERB_SKIP	NA	NA	unexecuted_or_censored; no completed-CPU ratio
sa_csmith_31.c	CERB_SKIP	CERB_SKIP	NA	NA	unexecuted_or_censored; no completed-CPU ratio
sa_csmith_310.c	CERB_SKIP	CERB_SKIP	NA	NA	unexecuted_or_censored; no completed-CPU ratio
sa_csmith_311.c	CERB_SKIP	CERB_SKIP	NA	NA	unexecuted_or_censored; no completed-CPU ratio
sa_csmith_312.c	CERB_SKIP	CERB_SKIP	NA	NA	unexecuted_or_censored; no completed-CPU ratio
sa_csmith_313.c	CERB_SKIP	CERB_SKIP	NA	NA	unexecuted_or_censored; no completed-CPU ratio
sa_csmith_314.c	CERB_SKIP	CERB_SKIP	NA	NA	unexecuted_or_censored; no completed-CPU ratio
sa_csmith_316.c	CERB_SKIP	CERB_SKIP	NA	NA	unexecuted_or_censored; no completed-CPU ratio
sa_csmith_318.c	CERB_SKIP	CERB_SKIP	NA	NA	unexecuted_or_censored; no completed-CPU ratio
sa_csmith_319.c	CERB_SKIP	CERB_SKIP	NA	NA	unexecuted_or_censored; no completed-CPU ratio
sa_csmith_320.c	CERB_SKIP	CERB_SKIP	NA	NA	unexecuted_or_censored; no completed-CPU ratio
sa_csmith_322.c	CERB_SKIP	CERB_SKIP	NA	NA	unexecuted_or_censored; no completed-CPU ratio
sa_csmith_323.c	CERB_SKIP	CERB_SKIP	NA	NA	unexecuted_or_censored; no completed-CPU ratio
sa_csmith_329.c	CERB_SKIP	CERB_SKIP	NA	NA	unexecuted_or_censored; no completed-CPU ratio
sa_csmith_33.c	CERB_SKIP	CERB_SKIP	NA	NA	unexecuted_or_censored; no completed-CPU ratio
sa_csmith_331.c	CERB_SKIP	CERB_SKIP	NA	NA	unexecuted_or_censored; no completed-CPU ratio
sa_csmith_332.c	CERB_SKIP	CERB_SKIP	NA	NA	unexecuted_or_censored; no completed-CPU ratio
sa_csmith_333.c	CERB_SKIP	CERB_SKIP	NA	NA	unexecuted_or_censored; no completed-CPU ratio
sa_csmith_334.c	CERB_SKIP	CERB_SKIP	NA	NA	unexecuted_or_censored; no completed-CPU ratio
sa_csmith_335.c	CERB_SKIP	CERB_SKIP	NA	NA	unexecuted_or_censored; no completed-CPU ratio
sa_csmith_337.c	CERB_SKIP	CERB_SKIP	NA	NA	unexecuted_or_censored; no completed-CPU ratio
sa_csmith_338.c	CERB_SKIP	CERB_SKIP	NA	NA	unexecuted_or_censored; no completed-CPU ratio
sa_csmith_34.c	CERB_SKIP	CERB_SKIP	NA	NA	unexecuted_or_censored; no completed-CPU ratio
sa_csmith_340.c	CERB_SKIP	CERB_SKIP	NA	NA	unexecuted_or_censored; no completed-CPU ratio
sa_csmith_341.c	CERB_SKIP	CERB_SKIP	NA	NA	unexecuted_or_censored; no completed-CPU ratio
sa_csmith_343.c	CERB_SKIP	CERB_SKIP	NA	NA	unexecuted_or_censored; no completed-CPU ratio
sa_csmith_344.c	CERB_SKIP	CERB_SKIP	NA	NA	unexecuted_or_censored; no completed-CPU ratio
sa_csmith_346.c	CERB_SKIP	CERB_SKIP	NA	NA	unexecuted_or_censored; no completed-CPU ratio
sa_csmith_348.c	CERB_SKIP	CERB_SKIP	NA	NA	unexecuted_or_censored; no completed-CPU ratio
sa_csmith_351.c	CERB_SKIP	CERB_SKIP	NA	NA	unexecuted_or_censored; no completed-CPU ratio
sa_csmith_353.c	CERB_SKIP	CERB_SKIP	NA	NA	unexecuted_or_censored; no completed-CPU ratio
sa_csmith_355.c	CERB_SKIP	CERB_SKIP	NA	NA	unexecuted_or_censored; no completed-CPU ratio
sa_csmith_359.c	CERB_SKIP	CERB_SKIP	NA	NA	unexecuted_or_censored; no completed-CPU ratio
sa_csmith_36.c	CERB_SKIP	CERB_SKIP	NA	NA	unexecuted_or_censored; no completed-CPU ratio
sa_csmith_361.c	CERB_SKIP	CERB_SKIP	NA	NA	unexecuted_or_censored; no completed-CPU ratio
sa_csmith_362.c	CERB_SKIP	CERB_SKIP	NA	NA	unexecuted_or_censored; no completed-CPU ratio
sa_csmith_363.c	CERB_SKIP	CERB_SKIP	NA	NA	unexecuted_or_censored; no completed-CPU ratio
sa_csmith_364.c	CERB_SKIP	CERB_SKIP	NA	NA	unexecuted_or_censored; no completed-CPU ratio
sa_csmith_365.c	CERB_SKIP	CERB_SKIP	NA	NA	unexecuted_or_censored; no completed-CPU ratio
sa_csmith_366.c	CERB_SKIP	CERB_SKIP	NA	NA	unexecuted_or_censored; no completed-CPU ratio
sa_csmith_368.c	CERB_SKIP	CERB_SKIP	NA	NA	unexecuted_or_censored; no completed-CPU ratio
sa_csmith_37.c	CERB_SKIP	CERB_SKIP	NA	NA	unexecuted_or_censored; no completed-CPU ratio
sa_csmith_370.c	CERB_SKIP	CERB_SKIP	NA	NA	unexecuted_or_censored; no completed-CPU ratio
sa_csmith_372.c	CERB_SKIP	CERB_SKIP	NA	NA	unexecuted_or_censored; no completed-CPU ratio
sa_csmith_374.c	CERB_SKIP	CERB_SKIP	NA	NA	unexecuted_or_censored; no completed-CPU ratio
sa_csmith_375.c	CERB_SKIP	CERB_SKIP	NA	NA	unexecuted_or_censored; no completed-CPU ratio
sa_csmith_378.c	CERB_SKIP	CERB_SKIP	NA	NA	unexecuted_or_censored; no completed-CPU ratio
sa_csmith_379.c	CERB_SKIP	CERB_SKIP	NA	NA	unexecuted_or_censored; no completed-CPU ratio
sa_csmith_38.c	CERB_SKIP	CERB_SKIP	NA	NA	unexecuted_or_censored; no completed-CPU ratio
sa_csmith_381.c	CERB_SKIP	CERB_SKIP	NA	NA	unexecuted_or_censored; no completed-CPU ratio
sa_csmith_383.c	CERB_SKIP	CERB_SKIP	NA	NA	unexecuted_or_censored; no completed-CPU ratio
sa_csmith_384.c	CERB_SKIP	CERB_SKIP	NA	NA	unexecuted_or_censored; no completed-CPU ratio
sa_csmith_389.c	CERB_SKIP	CERB_SKIP	NA	NA	unexecuted_or_censored; no completed-CPU ratio
sa_csmith_39.c	CERB_SKIP	CERB_SKIP	NA	NA	unexecuted_or_censored; no completed-CPU ratio
sa_csmith_391.c	CERB_SKIP	CERB_SKIP	NA	NA	unexecuted_or_censored; no completed-CPU ratio
sa_csmith_393.c	CERB_SKIP	CERB_SKIP	NA	NA	unexecuted_or_censored; no completed-CPU ratio
sa_csmith_395.c	CERB_SKIP	CERB_SKIP	NA	NA	unexecuted_or_censored; no completed-CPU ratio
sa_csmith_399.c	CERB_SKIP	CERB_SKIP	NA	NA	unexecuted_or_censored; no completed-CPU ratio
sa_csmith_400.c	CERB_SKIP	CERB_SKIP	NA	NA	unexecuted_or_censored; no completed-CPU ratio
sa_csmith_401.c	CERB_SKIP	CERB_SKIP	NA	NA	unexecuted_or_censored; no completed-CPU ratio
sa_csmith_402.c	CERB_SKIP	CERB_SKIP	NA	NA	unexecuted_or_censored; no completed-CPU ratio
sa_csmith_404.c	CERB_SKIP	CERB_SKIP	NA	NA	unexecuted_or_censored; no completed-CPU ratio
sa_csmith_405.c	CERB_SKIP	CERB_SKIP	NA	NA	unexecuted_or_censored; no completed-CPU ratio
sa_csmith_41.c	CERB_SKIP	CERB_SKIP	NA	NA	unexecuted_or_censored; no completed-CPU ratio
sa_csmith_410.c	CERB_SKIP	CERB_SKIP	NA	NA	unexecuted_or_censored; no completed-CPU ratio
sa_csmith_411.c	CERB_SKIP	CERB_SKIP	NA	NA	unexecuted_or_censored; no completed-CPU ratio
sa_csmith_412.c	CERB_SKIP	CERB_SKIP	NA	NA	unexecuted_or_censored; no completed-CPU ratio
sa_csmith_413.c	CERB_SKIP	CERB_SKIP	NA	NA	unexecuted_or_censored; no completed-CPU ratio
sa_csmith_414.c	CERB_SKIP	CERB_SKIP	NA	NA	unexecuted_or_censored; no completed-CPU ratio
sa_csmith_415.c	CERB_SKIP	CERB_SKIP	NA	NA	unexecuted_or_censored; no completed-CPU ratio
sa_csmith_416.c	CERB_SKIP	CERB_SKIP	NA	NA	unexecuted_or_censored; no completed-CPU ratio
sa_csmith_418.c	CERB_SKIP	CERB_SKIP	NA	NA	unexecuted_or_censored; no completed-CPU ratio
sa_csmith_420.c	CERB_SKIP	CERB_SKIP	NA	NA	unexecuted_or_censored; no completed-CPU ratio
sa_csmith_421.c	CERB_SKIP	CERB_SKIP	NA	NA	unexecuted_or_censored; no completed-CPU ratio
sa_csmith_423.c	CERB_SKIP	CERB_SKIP	NA	NA	unexecuted_or_censored; no completed-CPU ratio
sa_csmith_425.c	CERB_SKIP	CERB_SKIP	NA	NA	unexecuted_or_censored; no completed-CPU ratio
sa_csmith_427.c	CERB_SKIP	CERB_SKIP	NA	NA	unexecuted_or_censored; no completed-CPU ratio
sa_csmith_428.c	CERB_SKIP	CERB_SKIP	NA	NA	unexecuted_or_censored; no completed-CPU ratio
sa_csmith_429.c	CERB_SKIP	CERB_SKIP	NA	NA	unexecuted_or_censored; no completed-CPU ratio
sa_csmith_43.c	CERB_SKIP	CERB_SKIP	NA	NA	unexecuted_or_censored; no completed-CPU ratio
sa_csmith_432.c	CERB_SKIP	CERB_SKIP	NA	NA	unexecuted_or_censored; no completed-CPU ratio
sa_csmith_433.c	CERB_SKIP	CERB_SKIP	NA	NA	unexecuted_or_censored; no completed-CPU ratio
sa_csmith_435.c	TIMEOUT	TIMEOUT	124	124	unexecuted_or_censored; no completed-CPU ratio
sa_csmith_436.c	CERB_SKIP	CERB_SKIP	NA	NA	unexecuted_or_censored; no completed-CPU ratio
sa_csmith_437.c	CERB_SKIP	CERB_SKIP	NA	NA	unexecuted_or_censored; no completed-CPU ratio
sa_csmith_438.c	CERB_SKIP	CERB_SKIP	NA	NA	unexecuted_or_censored; no completed-CPU ratio
sa_csmith_442.c	CERB_SKIP	CERB_SKIP	NA	NA	unexecuted_or_censored; no completed-CPU ratio
sa_csmith_443.c	CERB_SKIP	CERB_SKIP	NA	NA	unexecuted_or_censored; no completed-CPU ratio
sa_csmith_445.c	CERB_SKIP	CERB_SKIP	NA	NA	unexecuted_or_censored; no completed-CPU ratio
sa_csmith_446.c	CERB_SKIP	CERB_SKIP	NA	NA	unexecuted_or_censored; no completed-CPU ratio
sa_csmith_448.c	CERB_SKIP	CERB_SKIP	NA	NA	unexecuted_or_censored; no completed-CPU ratio
sa_csmith_449.c	CERB_SKIP	CERB_SKIP	NA	NA	unexecuted_or_censored; no completed-CPU ratio
sa_csmith_453.c	CERB_SKIP	CERB_SKIP	NA	NA	unexecuted_or_censored; no completed-CPU ratio
sa_csmith_454.c	CERB_SKIP	CERB_SKIP	NA	NA	unexecuted_or_censored; no completed-CPU ratio
sa_csmith_455.c	CERB_SKIP	CERB_SKIP	NA	NA	unexecuted_or_censored; no completed-CPU ratio
sa_csmith_456.c	CERB_SKIP	CERB_SKIP	NA	NA	unexecuted_or_censored; no completed-CPU ratio
sa_csmith_457.c	CERB_SKIP	CERB_SKIP	NA	NA	unexecuted_or_censored; no completed-CPU ratio
sa_csmith_458.c	CERB_SKIP	CERB_SKIP	NA	NA	unexecuted_or_censored; no completed-CPU ratio
sa_csmith_459.c	CERB_SKIP	CERB_SKIP	NA	NA	unexecuted_or_censored; no completed-CPU ratio
sa_csmith_46.c	CERB_SKIP	CERB_SKIP	NA	NA	unexecuted_or_censored; no completed-CPU ratio
sa_csmith_461.c	CERB_SKIP	CERB_SKIP	NA	NA	unexecuted_or_censored; no completed-CPU ratio
sa_csmith_462.c	CERB_SKIP	CERB_SKIP	NA	NA	unexecuted_or_censored; no completed-CPU ratio
sa_csmith_463.c	CERB_SKIP	CERB_SKIP	NA	NA	unexecuted_or_censored; no completed-CPU ratio
sa_csmith_464.c	CERB_SKIP	CERB_SKIP	NA	NA	unexecuted_or_censored; no completed-CPU ratio
sa_csmith_465.c	CERB_SKIP	CERB_SKIP	NA	NA	unexecuted_or_censored; no completed-CPU ratio
sa_csmith_466.c	CERB_SKIP	CERB_SKIP	NA	NA	unexecuted_or_censored; no completed-CPU ratio
sa_csmith_467.c	CERB_SKIP	CERB_SKIP	NA	NA	unexecuted_or_censored; no completed-CPU ratio
sa_csmith_47.c	CERB_SKIP	CERB_SKIP	NA	NA	unexecuted_or_censored; no completed-CPU ratio
sa_csmith_48.c	CERB_SKIP	CERB_SKIP	NA	NA	unexecuted_or_censored; no completed-CPU ratio
sa_csmith_49.c	CERB_SKIP	CERB_SKIP	NA	NA	unexecuted_or_censored; no completed-CPU ratio
sa_csmith_50.c	CERB_SKIP	CERB_SKIP	NA	NA	unexecuted_or_censored; no completed-CPU ratio
sa_csmith_53.c	CERB_SKIP	CERB_SKIP	NA	NA	unexecuted_or_censored; no completed-CPU ratio
sa_csmith_54.c	CERB_SKIP	CERB_SKIP	NA	NA	unexecuted_or_censored; no completed-CPU ratio
sa_csmith_55.c	CERB_SKIP	CERB_SKIP	NA	NA	unexecuted_or_censored; no completed-CPU ratio
sa_csmith_57.c	CERB_SKIP	CERB_SKIP	NA	NA	unexecuted_or_censored; no completed-CPU ratio
sa_csmith_58.c	CERB_SKIP	CERB_SKIP	NA	NA	unexecuted_or_censored; no completed-CPU ratio
sa_csmith_59.c	CERB_SKIP	CERB_SKIP	NA	NA	unexecuted_or_censored; no completed-CPU ratio
sa_csmith_62.c	CERB_SKIP	CERB_SKIP	NA	NA	unexecuted_or_censored; no completed-CPU ratio
sa_csmith_65.c	CERB_SKIP	CERB_SKIP	NA	NA	unexecuted_or_censored; no completed-CPU ratio
sa_csmith_69.c	CERB_SKIP	CERB_SKIP	NA	NA	unexecuted_or_censored; no completed-CPU ratio
sa_csmith_70.c	CERB_SKIP	CERB_SKIP	NA	NA	unexecuted_or_censored; no completed-CPU ratio
sa_csmith_71.c	CERB_SKIP	CERB_SKIP	NA	NA	unexecuted_or_censored; no completed-CPU ratio
sa_csmith_72.c	CERB_SKIP	CERB_SKIP	NA	NA	unexecuted_or_censored; no completed-CPU ratio
sa_csmith_73.c	CERB_SKIP	CERB_SKIP	NA	NA	unexecuted_or_censored; no completed-CPU ratio
sa_csmith_74.c	CERB_SKIP	CERB_SKIP	NA	NA	unexecuted_or_censored; no completed-CPU ratio
sa_csmith_77.c	CERB_SKIP	CERB_SKIP	NA	NA	unexecuted_or_censored; no completed-CPU ratio
sa_csmith_78.c	CERB_SKIP	CERB_SKIP	NA	NA	unexecuted_or_censored; no completed-CPU ratio
sa_csmith_8.c	CERB_SKIP	CERB_SKIP	NA	NA	unexecuted_or_censored; no completed-CPU ratio
sa_csmith_80.c	CERB_SKIP	CERB_SKIP	NA	NA	unexecuted_or_censored; no completed-CPU ratio
sa_csmith_85.c	CERB_SKIP	CERB_SKIP	NA	NA	unexecuted_or_censored; no completed-CPU ratio
sa_csmith_86.c	CERB_SKIP	CERB_SKIP	NA	NA	unexecuted_or_censored; no completed-CPU ratio
sa_csmith_88.c	CERB_SKIP	CERB_SKIP	NA	NA	unexecuted_or_censored; no completed-CPU ratio
sa_csmith_9.c	CERB_SKIP	CERB_SKIP	NA	NA	unexecuted_or_censored; no completed-CPU ratio
sa_csmith_93.c	CERB_SKIP	CERB_SKIP	NA	NA	unexecuted_or_censored; no completed-CPU ratio
sa_csmith_94.c	CERB_SKIP	CERB_SKIP	NA	NA	unexecuted_or_censored; no completed-CPU ratio
sa_csmith_97.c	CERB_SKIP	CERB_SKIP	NA	NA	unexecuted_or_censored; no completed-CPU ratio
sa_csmith_98.c	CERB_SKIP	CERB_SKIP	NA	NA	unexecuted_or_censored; no completed-CPU ratio
sa_csmith_99.c	CERB_SKIP	CERB_SKIP	NA	NA	unexecuted_or_censored; no completed-CPU ratio
sia_csmith_001.c	CERB_SKIP	CERB_SKIP	NA	NA	unexecuted_or_censored; no completed-CPU ratio
sia_csmith_031.c	CERB_SKIP	CERB_SKIP	NA	NA	unexecuted_or_censored; no completed-CPU ratio
sia_csmith_032.c	CERB_SKIP	CERB_SKIP	NA	NA	unexecuted_or_censored; no completed-CPU ratio
sia_csmith_037.c	CERB_SKIP	CERB_SKIP	NA	NA	unexecuted_or_censored; no completed-CPU ratio
sia_csmith_047.c	CERB_SKIP	CERB_SKIP	NA	NA	unexecuted_or_censored; no completed-CPU ratio
sia_csmith_055.c	CERB_SKIP	CERB_SKIP	NA	NA	unexecuted_or_censored; no completed-CPU ratio
sia_csmith_072.c	TIMEOUT	TIMEOUT	124	124	unexecuted_or_censored; no completed-CPU ratio
sia_csmith_074.c	CERB_SKIP	CERB_SKIP	NA	NA	unexecuted_or_censored; no completed-CPU ratio
sia_csmith_079.c	CERB_SKIP	CERB_SKIP	NA	NA	unexecuted_or_censored; no completed-CPU ratio
