input	cpu_pre	cpu_head	ratio	cpu_source	status_pre_15	status_head_15
sa_csmith_001.c	0.100	0.120	1.200000	15s_lane_observations	MATCH	MATCH
sa_csmith_004.c	0.110	0.140	1.272727	15s_lane_observations	MATCH	MATCH
sa_csmith_006.c	0.180	0.230	1.277778	15s_lane_observations	MATCH	MATCH
sa_csmith_100.c	0.070	0.060	0.857143	15s_lane_observations	MATCH	MATCH
sa_csmith_101.c	0.070	0.080	1.142857	15s_lane_observations	MATCH	MATCH
sa_csmith_102.c	0.070	0.070	1.000000	15s_lane_observations	MATCH	MATCH
sa_csmith_103.c	0.060	0.060	1.000000	15s_lane_observations	MATCH	MATCH
sa_csmith_104.c	0.070	0.070	1.000000	15s_lane_observations	MATCH	MATCH
sa_csmith_108.c	1.700	3.400	2.000000	15s_lane_observations	MATCH	MATCH
sa_csmith_117.c	0.090	0.120	1.333333	15s_lane_observations	MATCH	MATCH
sa_csmith_118.c	0.200	0.300	1.500000	15s_lane_observations	MATCH	MATCH
sa_csmith_119.c	0.210	0.290	1.380952	15s_lane_observations	MATCH	MATCH
sa_csmith_120.c	0.300	0.480	1.600000	15s_lane_observations	MATCH	MATCH
sa_csmith_121.c	0.230	0.350	1.521739	15s_lane_observations	MATCH	MATCH
sa_csmith_122.c	0.160	0.260	1.625000	15s_lane_observations	MATCH	MATCH
sa_csmith_123.c	0.170	0.270	1.588235	15s_lane_observations	MATCH	MATCH
sa_csmith_126.c	0.110	0.100	0.909091	15s_lane_observations	MATCH	MATCH
sa_csmith_13.c	0.170	0.210	1.235294	15s_lane_observations	MATCH	MATCH
sa_csmith_130.c	0.060	0.060	1.000000	15s_lane_observations	MATCH	MATCH
sa_csmith_132.c	0.060	0.050	0.833333	15s_lane_observations	MATCH	MATCH
sa_csmith_133.c	2.910	3.450	1.185567	15s_lane_observations	MATCH	MATCH
sa_csmith_134.c	0.060	0.050	0.833333	15s_lane_observations	MATCH	MATCH
sa_csmith_135.c	0.140	0.140	1.000000	15s_lane_observations	MATCH	MATCH
sa_csmith_137.c	0.150	0.150	1.000000	15s_lane_observations	MATCH	MATCH
sa_csmith_138.c	0.180	0.200	1.111111	15s_lane_observations	MATCH	MATCH
sa_csmith_139.c	0.060	0.050	0.833333	15s_lane_observations	MATCH	MATCH
sa_csmith_14.c	0.070	0.060	0.857143	15s_lane_observations	MATCH	MATCH
sa_csmith_141.c	0.180	0.200	1.111111	15s_lane_observations	MATCH	MATCH
sa_csmith_144.c	0.070	0.060	0.857143	15s_lane_observations	MATCH	MATCH
sa_csmith_145.c	0.060	0.060	1.000000	15s_lane_observations	MATCH	MATCH
sa_csmith_147.c	0.180	0.180	1.000000	15s_lane_observations	MATCH	MATCH
sa_csmith_149.c	0.510	1.010	1.980392	15s_lane_observations	MATCH	MATCH
sa_csmith_150.c	0.060	0.060	1.000000	15s_lane_observations	MATCH	MATCH
sa_csmith_153.c	0.060	0.060	1.000000	15s_lane_observations	MATCH	MATCH
sa_csmith_154.c	0.060	0.060	1.000000	15s_lane_observations	MATCH	MATCH
sa_csmith_159.c	0.060	0.060	1.000000	15s_lane_observations	MATCH	MATCH
sa_csmith_160.c	0.060	0.060	1.000000	15s_lane_observations	MATCH	MATCH
sa_csmith_162.c	3.810	4.100	1.076115	15s_lane_observations	MATCH	MATCH
sa_csmith_164.c	0.060	0.060	1.000000	15s_lane_observations	MATCH	MATCH
sa_csmith_166.c	0.060	0.060	1.000000	15s_lane_observations	MATCH	MATCH
sa_csmith_167.c	0.060	0.060	1.000000	15s_lane_observations	MATCH	MATCH
sa_csmith_168.c	0.230	0.210	0.913043	15s_lane_observations	MATCH	MATCH
sa_csmith_170.c	0.060	0.060	1.000000	15s_lane_observations	MATCH	MATCH
sa_csmith_171.c	0.070	0.060	0.857143	15s_lane_observations	MATCH	MATCH
sa_csmith_172.c	0.160	0.170	1.062500	15s_lane_observations	MATCH	MATCH
sa_csmith_173.c	0.220	0.260	1.181818	15s_lane_observations	MATCH	MATCH
sa_csmith_174.c	0.940	1.090	1.159574	15s_lane_observations	MATCH	MATCH
sa_csmith_176.c	0.210	0.270	1.285714	15s_lane_observations	MATCH	MATCH
sa_csmith_178.c	0.060	0.060	1.000000	15s_lane_observations	MATCH	MATCH
sa_csmith_180.c	1.200	2.390	1.991667	15s_lane_observations	MATCH	MATCH
sa_csmith_182.c	0.940	1.490	1.585106	15s_lane_observations	MATCH	MATCH
sa_csmith_183.c	1.200	1.840	1.533333	15s_lane_observations	MATCH	MATCH
sa_csmith_189.c	0.080	0.080	1.000000	15s_lane_observations	MATCH	MATCH
sa_csmith_19.c	0.180	0.220	1.222222	15s_lane_observations	MATCH	MATCH
sa_csmith_191.c	0.060	0.060	1.000000	15s_lane_observations	MATCH	MATCH
sa_csmith_192.c	0.070	0.070	1.000000	15s_lane_observations	MATCH	MATCH
sa_csmith_193.c	0.060	0.050	0.833333	15s_lane_observations	MATCH	MATCH
sa_csmith_195.c	0.190	0.210	1.105263	15s_lane_observations	MATCH	MATCH
sa_csmith_196.c	0.060	0.060	1.000000	15s_lane_observations	MATCH	MATCH
sa_csmith_198.c	0.060	0.060	1.000000	15s_lane_observations	MATCH	MATCH
sa_csmith_201.c	0.070	0.060	0.857143	15s_lane_observations	MATCH	MATCH
sa_csmith_207.c	0.080	0.070	0.875000	15s_lane_observations	MATCH	MATCH
sa_csmith_209.c	0.070	0.060	0.857143	15s_lane_observations	MATCH	MATCH
sa_csmith_21.c	0.060	0.050	0.833333	15s_lane_observations	MATCH	MATCH
sa_csmith_212.c	0.060	0.060	1.000000	15s_lane_observations	MATCH	MATCH
sa_csmith_213.c	0.080	0.070	0.875000	15s_lane_observations	MATCH	MATCH
sa_csmith_215.c	0.060	0.060	1.000000	15s_lane_observations	MATCH	MATCH
sa_csmith_218.c	0.370	0.710	1.918919	15s_lane_observations	MATCH	MATCH
sa_csmith_22.c	0.140	0.150	1.071429	15s_lane_observations	MATCH	MATCH
sa_csmith_221.c	0.060	0.050	0.833333	15s_lane_observations	MATCH	MATCH
sa_csmith_223.c	0.160	0.160	1.000000	15s_lane_observations	MATCH	MATCH
sa_csmith_225.c	0.060	0.050	0.833333	15s_lane_observations	MATCH	MATCH
sa_csmith_228.c	0.070	0.060	0.857143	15s_lane_observations	MATCH	MATCH
sa_csmith_23.c	0.060	0.050	0.833333	15s_lane_observations	MATCH	MATCH
sa_csmith_230.c	0.070	0.060	0.857143	15s_lane_observations	MATCH	MATCH
sa_csmith_234.c	0.190	0.210	1.105263	15s_lane_observations	MATCH	MATCH
sa_csmith_239.c	0.310	0.400	1.290323	15s_lane_observations	MATCH	MATCH
sa_csmith_240.c	0.060	0.060	1.000000	15s_lane_observations	MATCH	MATCH
sa_csmith_241.c	0.070	0.060	0.857143	15s_lane_observations	MATCH	MATCH
sa_csmith_242.c	0.180	0.190	1.055556	15s_lane_observations	MATCH	MATCH
sa_csmith_243.c	0.060	0.050	0.833333	15s_lane_observations	MATCH	MATCH
sa_csmith_245.c	0.070	0.060	0.857143	15s_lane_observations	MATCH	MATCH
sa_csmith_247.c	0.260	0.340	1.307692	15s_lane_observations	MATCH	MATCH
sa_csmith_249.c	0.200	0.210	1.050000	15s_lane_observations	MATCH	MATCH
sa_csmith_25.c	1.180	1.800	1.525424	15s_lane_observations	MATCH	MATCH
sa_csmith_250.c	0.060	0.050	0.833333	15s_lane_observations	MATCH	MATCH
sa_csmith_254.c	0.070	0.050	0.714286	15s_lane_observations	MATCH	MATCH
sa_csmith_261.c	0.060	0.050	0.833333	15s_lane_observations	MATCH	MATCH
sa_csmith_262.c	0.220	0.250	1.136364	15s_lane_observations	MATCH	MATCH
sa_csmith_263.c	0.060	0.060	1.000000	15s_lane_observations	MATCH	MATCH
sa_csmith_266.c	0.070	0.070	1.000000	15s_lane_observations	MATCH	MATCH
sa_csmith_268.c	0.140	0.150	1.071429	15s_lane_observations	MATCH	MATCH
sa_csmith_270.c	0.080	0.070	0.875000	15s_lane_observations	MATCH	MATCH
sa_csmith_271.c	0.180	0.200	1.111111	15s_lane_observations	MATCH	MATCH
sa_csmith_272.c	5.020	5.630	1.121514	15s_lane_observations	MATCH	MATCH
sa_csmith_273.c	0.070	0.060	0.857143	15s_lane_observations	MATCH	MATCH
sa_csmith_274.c	0.070	0.060	0.857143	15s_lane_observations	MATCH	MATCH
sa_csmith_277.c	0.080	0.080	1.000000	15s_lane_observations	MATCH	MATCH
sa_csmith_278.c	0.060	0.060	1.000000	15s_lane_observations	MATCH	MATCH
sa_csmith_279.c	0.070	0.070	1.000000	15s_lane_observations	MATCH	MATCH
sa_csmith_28.c	0.160	0.190	1.187500	15s_lane_observations	MATCH	MATCH
sa_csmith_283.c	0.060	0.080	1.333333	15s_lane_observations	MATCH	MATCH
sa_csmith_285.c	0.070	0.060	0.857143	15s_lane_observations	MATCH	MATCH
sa_csmith_287.c	0.180	0.190	1.055556	15s_lane_observations	MATCH	MATCH
sa_csmith_288.c	0.060	0.060	1.000000	15s_lane_observations	MATCH	MATCH
sa_csmith_29.c	6.770	12.740	1.881832	15s_lane_observations	MATCH	MATCH
sa_csmith_293.c	0.200	0.220	1.100000	15s_lane_observations	MATCH	MATCH
sa_csmith_294.c	0.230	0.250	1.086957	15s_lane_observations	MATCH	MATCH
sa_csmith_295.c	0.170	0.180	1.058824	15s_lane_observations	MATCH	MATCH
sa_csmith_299.c	4.050	10.530	2.600000	15s_lane_observations	MATCH	MATCH
sa_csmith_304.c	0.080	0.070	0.875000	15s_lane_observations	MATCH	MATCH
sa_csmith_305.c	0.070	0.060	0.857143	15s_lane_observations	MATCH	MATCH
sa_csmith_315.c	0.260	0.350	1.346154	15s_lane_observations	MATCH	MATCH
sa_csmith_317.c	0.240	0.360	1.500000	15s_lane_observations	MATCH	MATCH
sa_csmith_32.c	0.160	0.170	1.062500	15s_lane_observations	MATCH	MATCH
sa_csmith_321.c	0.060	0.070	1.166667	15s_lane_observations	MATCH	MATCH
sa_csmith_324.c	0.220	0.260	1.181818	15s_lane_observations	MATCH	MATCH
sa_csmith_325.c	0.070	0.060	0.857143	15s_lane_observations	MATCH	MATCH
sa_csmith_326.c	0.060	0.060	1.000000	15s_lane_observations	MATCH	MATCH
sa_csmith_327.c	0.060	0.060	1.000000	15s_lane_observations	MATCH	MATCH
sa_csmith_328.c	0.060	0.060	1.000000	15s_lane_observations	MATCH	MATCH
sa_csmith_330.c	0.060	0.060	1.000000	15s_lane_observations	MATCH	MATCH
sa_csmith_336.c	0.330	0.230	0.696970	15s_lane_observations	MATCH	MATCH
sa_csmith_339.c	0.500	0.320	0.640000	15s_lane_observations	MATCH	MATCH
sa_csmith_342.c	11.440	13.070	1.142483	15s_lane_observations	MATCH	MATCH
sa_csmith_345.c	0.130	0.060	0.461538	15s_lane_observations	MATCH	MATCH
sa_csmith_347.c	0.150	0.060	0.400000	15s_lane_observations	MATCH	MATCH
sa_csmith_349.c	0.060	0.060	1.000000	15s_lane_observations	MATCH	MATCH
sa_csmith_35.c	0.070	0.060	0.857143	15s_lane_observations	MATCH	MATCH
sa_csmith_350.c	0.250	0.270	1.080000	15s_lane_observations	MATCH	MATCH
sa_csmith_352.c	0.180	0.160	0.888889	15s_lane_observations	MATCH	MATCH
sa_csmith_354.c	0.070	0.060	0.857143	15s_lane_observations	MATCH	MATCH
sa_csmith_356.c	0.060	0.060	1.000000	15s_lane_observations	MATCH	MATCH
sa_csmith_357.c	0.060	0.060	1.000000	15s_lane_observations	MATCH	MATCH
sa_csmith_358.c	0.220	0.230	1.045455	15s_lane_observations	MATCH	MATCH
sa_csmith_360.c	0.150	0.150	1.000000	15s_lane_observations	MATCH	MATCH
sa_csmith_367.c	0.060	0.060	1.000000	15s_lane_observations	MATCH	MATCH
sa_csmith_369.c	10.745	21.275	1.979991	mean_of_two_90s_repeats_on_each_binary	MATCH	TIMEOUT
sa_csmith_371.c	9.010	16.150	1.792453	mean_of_two_90s_repeats_on_each_binary	MATCH	TIMEOUT
sa_csmith_373.c	0.250	0.270	1.080000	15s_lane_observations	MATCH	MATCH
sa_csmith_376.c	0.980	3.170	3.234694	15s_lane_observations	MATCH	MATCH
sa_csmith_377.c	0.060	0.140	2.333333	15s_lane_observations	MATCH	MATCH
sa_csmith_380.c	0.070	0.110	1.571429	15s_lane_observations	MATCH	MATCH
sa_csmith_382.c	0.070	0.140	2.000000	15s_lane_observations	MATCH	MATCH
sa_csmith_385.c	0.060	0.120	2.000000	15s_lane_observations	MATCH	MATCH
sa_csmith_386.c	0.150	0.320	2.133333	15s_lane_observations	MATCH	MATCH
sa_csmith_387.c	0.190	0.430	2.263158	15s_lane_observations	MATCH	MATCH
sa_csmith_388.c	0.070	0.140	2.000000	15s_lane_observations	MATCH	MATCH
sa_csmith_390.c	0.060	0.120	2.000000	15s_lane_observations	MATCH	MATCH
sa_csmith_392.c	0.070	0.120	1.714286	15s_lane_observations	MATCH	MATCH
sa_csmith_394.c	0.060	0.130	2.166667	15s_lane_observations	MATCH	MATCH
sa_csmith_396.c	0.170	0.170	1.000000	15s_lane_observations	MATCH	MATCH
sa_csmith_397.c	0.200	0.220	1.100000	15s_lane_observations	MATCH	MATCH
sa_csmith_398.c	0.070	0.070	1.000000	15s_lane_observations	MATCH	MATCH
sa_csmith_40.c	0.070	0.060	0.857143	15s_lane_observations	MATCH	MATCH
sa_csmith_403.c	0.110	0.120	1.090909	15s_lane_observations	MATCH	MATCH
sa_csmith_406.c	0.060	0.060	1.000000	15s_lane_observations	MATCH	MATCH
sa_csmith_407.c	0.060	0.060	1.000000	15s_lane_observations	MATCH	MATCH
sa_csmith_408.c	0.070	0.050	0.714286	15s_lane_observations	MATCH	MATCH
sa_csmith_409.c	0.180	0.170	0.944444	15s_lane_observations	MATCH	MATCH
sa_csmith_417.c	0.150	0.150	1.000000	15s_lane_observations	MATCH	MATCH
sa_csmith_419.c	14.505	24.280	1.673906	mean_of_two_90s_repeats_on_each_binary	MATCH	TIMEOUT
sa_csmith_42.c	0.180	0.190	1.055556	15s_lane_observations	MATCH	MATCH
sa_csmith_422.c	0.060	0.050	0.833333	15s_lane_observations	MATCH	MATCH
sa_csmith_424.c	0.060	0.060	1.000000	15s_lane_observations	MATCH	MATCH
sa_csmith_426.c	0.190	0.200	1.052632	15s_lane_observations	MATCH	MATCH
sa_csmith_430.c	0.060	0.060	1.000000	15s_lane_observations	MATCH	MATCH
sa_csmith_431.c	0.140	0.140	1.000000	15s_lane_observations	MATCH	MATCH
sa_csmith_434.c	0.070	0.060	0.857143	15s_lane_observations	MATCH	MATCH
sa_csmith_439.c	0.210	0.290	1.380952	15s_lane_observations	MATCH	MATCH
sa_csmith_44.c	0.100	0.090	0.900000	15s_lane_observations	MATCH	MATCH
sa_csmith_440.c	0.060	0.060	1.000000	15s_lane_observations	MATCH	MATCH
sa_csmith_441.c	0.060	0.060	1.000000	15s_lane_observations	MATCH	MATCH
sa_csmith_444.c	0.070	0.060	0.857143	15s_lane_observations	MATCH	MATCH
sa_csmith_447.c	0.070	0.050	0.714286	15s_lane_observations	MATCH	MATCH
sa_csmith_45.c	0.070	0.060	0.857143	15s_lane_observations	MATCH	MATCH
sa_csmith_450.c	0.240	0.290	1.208333	15s_lane_observations	MATCH	MATCH
sa_csmith_451.c	0.070	0.060	0.857143	15s_lane_observations	MATCH	MATCH
sa_csmith_452.c	0.220	0.210	0.954545	15s_lane_observations	MATCH	MATCH
sa_csmith_460.c	0.080	0.050	0.625000	15s_lane_observations	MATCH	MATCH
sa_csmith_468.c	0.070	0.060	0.857143	15s_lane_observations	MATCH	MATCH
sa_csmith_469.c	0.270	0.280	1.037037	15s_lane_observations	MATCH	MATCH
sa_csmith_470.c	0.270	0.350	1.296296	15s_lane_observations	MATCH	MATCH
sa_csmith_51.c	0.070	0.060	0.857143	15s_lane_observations	MATCH	MATCH
sa_csmith_52.c	0.250	0.270	1.080000	15s_lane_observations	MATCH	MATCH
sa_csmith_56.c	0.060	0.060	1.000000	15s_lane_observations	MATCH	MATCH
sa_csmith_60.c	0.060	0.060	1.000000	15s_lane_observations	MATCH	MATCH
sa_csmith_61.c	0.220	0.250	1.136364	15s_lane_observations	MATCH	MATCH
sa_csmith_63.c	0.410	0.590	1.439024	15s_lane_observations	MATCH	MATCH
sa_csmith_64.c	0.180	0.190	1.055556	15s_lane_observations	MATCH	MATCH
sa_csmith_66.c	0.220	0.240	1.090909	15s_lane_observations	MATCH	MATCH
sa_csmith_67.c	0.060	0.060	1.000000	15s_lane_observations	MATCH	MATCH
sa_csmith_68.c	0.060	0.060	1.000000	15s_lane_observations	MATCH	MATCH
sa_csmith_7.c	0.070	0.060	0.857143	15s_lane_observations	MATCH	MATCH
sa_csmith_75.c	3.620	5.980	1.651934	15s_lane_observations	MATCH	MATCH
sa_csmith_76.c	0.200	0.200	1.000000	15s_lane_observations	MATCH	MATCH
sa_csmith_79.c	0.060	0.050	0.833333	15s_lane_observations	MATCH	MATCH
sa_csmith_81.c	0.060	0.050	0.833333	15s_lane_observations	MATCH	MATCH
sa_csmith_82.c	0.340	0.380	1.117647	15s_lane_observations	MATCH	MATCH
sa_csmith_83.c	0.070	0.050	0.714286	15s_lane_observations	MATCH	MATCH
sa_csmith_84.c	0.070	0.060	0.857143	15s_lane_observations	MATCH	MATCH
sa_csmith_87.c	0.070	0.070	1.000000	15s_lane_observations	MATCH	MATCH
sa_csmith_89.c	0.470	0.530	1.127660	15s_lane_observations	MATCH	MATCH
sa_csmith_90.c	0.200	0.220	1.100000	15s_lane_observations	MATCH	MATCH
sa_csmith_91.c	0.070	0.060	0.857143	15s_lane_observations	MATCH	MATCH
sa_csmith_92.c	0.520	0.840	1.615385	15s_lane_observations	MATCH	MATCH
sa_csmith_95.c	0.220	0.230	1.045455	15s_lane_observations	MATCH	MATCH
sa_csmith_96.c	0.060	0.060	1.000000	15s_lane_observations	MATCH	MATCH
sia_csmith_002.c	0.070	0.070	1.000000	15s_lane_observations	MATCH	MATCH
sia_csmith_003.c	0.060	0.060	1.000000	15s_lane_observations	MATCH	MATCH
sia_csmith_004.c	0.070	0.060	0.857143	15s_lane_observations	MATCH	MATCH
sia_csmith_005.c	0.060	0.050	0.833333	15s_lane_observations	MATCH	MATCH
sia_csmith_006.c	0.480	0.510	1.062500	15s_lane_observations	MATCH	MATCH
sia_csmith_007.c	0.070	0.060	0.857143	15s_lane_observations	MATCH	MATCH
sia_csmith_008.c	0.090	0.070	0.777778	15s_lane_observations	MATCH	MATCH
sia_csmith_009.c	0.070	0.070	1.000000	15s_lane_observations	MATCH	MATCH
sia_csmith_010.c	0.070	0.060	0.857143	15s_lane_observations	MATCH	MATCH
sia_csmith_011.c	0.060	0.050	0.833333	15s_lane_observations	MATCH	MATCH
sia_csmith_012.c	0.060	0.060	1.000000	15s_lane_observations	MATCH	MATCH
sia_csmith_013.c	0.070	0.050	0.714286	15s_lane_observations	MATCH	MATCH
sia_csmith_014.c	0.090	0.090	1.000000	15s_lane_observations	MATCH	MATCH
sia_csmith_015.c	0.060	0.060	1.000000	15s_lane_observations	MATCH	MATCH
sia_csmith_016.c	8.320	9.350	1.123798	15s_lane_observations	MATCH	MATCH
sia_csmith_017.c	0.060	0.050	0.833333	15s_lane_observations	MATCH	MATCH
sia_csmith_018.c	0.200	0.200	1.000000	15s_lane_observations	MATCH	MATCH
sia_csmith_019.c	0.110	0.110	1.000000	15s_lane_observations	MATCH	MATCH
sia_csmith_020.c	0.070	0.060	0.857143	15s_lane_observations	MATCH	MATCH
sia_csmith_021.c	0.280	0.420	1.500000	15s_lane_observations	MATCH	MATCH
sia_csmith_022.c	0.080	0.080	1.000000	15s_lane_observations	MATCH	MATCH
sia_csmith_023.c	0.070	0.060	0.857143	15s_lane_observations	MATCH	MATCH
sia_csmith_024.c	0.070	0.070	1.000000	15s_lane_observations	MATCH	MATCH
sia_csmith_025.c	0.060	0.060	1.000000	15s_lane_observations	MATCH	MATCH
sia_csmith_026.c	0.060	0.060	1.000000	15s_lane_observations	MATCH	MATCH
sia_csmith_027.c	0.070	0.060	0.857143	15s_lane_observations	MATCH	MATCH
sia_csmith_028.c	0.120	0.120	1.000000	15s_lane_observations	MATCH	MATCH
sia_csmith_029.c	0.060	0.060	1.000000	15s_lane_observations	MATCH	MATCH
sia_csmith_030.c	0.480	0.550	1.145833	15s_lane_observations	MATCH	MATCH
sia_csmith_033.c	0.110	0.100	0.909091	15s_lane_observations	MATCH	MATCH
sia_csmith_034.c	0.080	0.070	0.875000	15s_lane_observations	MATCH	MATCH
sia_csmith_035.c	0.170	0.150	0.882353	15s_lane_observations	MATCH	MATCH
sia_csmith_036.c	0.110	0.090	0.818182	15s_lane_observations	MATCH	MATCH
sia_csmith_038.c	0.110	0.060	0.545455	15s_lane_observations	MATCH	MATCH
sia_csmith_039.c	0.060	0.050	0.833333	15s_lane_observations	MATCH	MATCH
sia_csmith_040.c	0.090	0.070	0.777778	15s_lane_observations	MATCH	MATCH
sia_csmith_041.c	10.830	13.310	1.228994	15s_lane_observations	MATCH	MATCH
sia_csmith_042.c	0.090	0.050	0.555556	15s_lane_observations	MATCH	MATCH
sia_csmith_043.c	0.250	0.180	0.720000	15s_lane_observations	MATCH	MATCH
sia_csmith_044.c	0.120	0.100	0.833333	15s_lane_observations	MATCH	MATCH
sia_csmith_045.c	0.080	0.060	0.750000	15s_lane_observations	MATCH	MATCH
sia_csmith_046.c	0.070	0.060	0.857143	15s_lane_observations	MATCH	MATCH
sia_csmith_048.c	0.070	0.060	0.857143	15s_lane_observations	MATCH	MATCH
sia_csmith_049.c	0.060	0.060	1.000000	15s_lane_observations	MATCH	MATCH
sia_csmith_050.c	0.060	0.050	0.833333	15s_lane_observations	MATCH	MATCH
sia_csmith_051.c	0.070	0.060	0.857143	15s_lane_observations	MATCH	MATCH
sia_csmith_052.c	0.080	0.070	0.875000	15s_lane_observations	MATCH	MATCH
sia_csmith_053.c	0.070	0.060	0.857143	15s_lane_observations	MATCH	MATCH
sia_csmith_054.c	0.070	0.060	0.857143	15s_lane_observations	MATCH	MATCH
sia_csmith_056.c	0.090	0.080	0.888889	15s_lane_observations	MATCH	MATCH
sia_csmith_057.c	0.060	0.050	0.833333	15s_lane_observations	MATCH	MATCH
sia_csmith_058.c	0.070	0.050	0.714286	15s_lane_observations	MATCH	MATCH
sia_csmith_059.c	0.100	0.090	0.900000	15s_lane_observations	MATCH	MATCH
sia_csmith_060.c	0.070	0.060	0.857143	15s_lane_observations	MATCH	MATCH
sia_csmith_061.c	0.100	0.090	0.900000	15s_lane_observations	MATCH	MATCH
sia_csmith_062.c	0.120	0.110	0.916667	15s_lane_observations	MATCH	MATCH
sia_csmith_063.c	0.070	0.060	0.857143	15s_lane_observations	MATCH	MATCH
sia_csmith_064.c	0.080	0.070	0.875000	15s_lane_observations	MATCH	MATCH
sia_csmith_065.c	0.070	0.050	0.714286	15s_lane_observations	MATCH	MATCH
sia_csmith_066.c	0.070	0.060	0.857143	15s_lane_observations	MATCH	MATCH
sia_csmith_067.c	0.150	0.150	1.000000	15s_lane_observations	MATCH	MATCH
sia_csmith_068.c	0.070	0.070	1.000000	15s_lane_observations	MATCH	MATCH
sia_csmith_069.c	0.080	0.070	0.875000	15s_lane_observations	MATCH	MATCH
sia_csmith_070.c	0.070	0.060	0.857143	15s_lane_observations	MATCH	MATCH
sia_csmith_071.c	0.310	0.320	1.032258	15s_lane_observations	MATCH	MATCH
sia_csmith_073.c	1.140	1.420	1.245614	15s_lane_observations	MATCH	MATCH
sia_csmith_075.c	0.060	0.060	1.000000	15s_lane_observations	MATCH	MATCH
sia_csmith_076.c	2.600	3.070	1.180769	15s_lane_observations	MATCH	MATCH
sia_csmith_077.c	0.100	0.100	1.000000	15s_lane_observations	MATCH	MATCH
sia_csmith_078.c	0.850	1.170	1.376471	15s_lane_observations	MATCH	MATCH
sia_csmith_080.c	0.070	0.060	0.857143	15s_lane_observations	MATCH	MATCH
sia_csmith_081.c	0.140	0.150	1.071429	15s_lane_observations	MATCH	MATCH
sia_csmith_082.c	0.100	0.090	0.900000	15s_lane_observations	MATCH	MATCH
sia_csmith_083.c	0.070	0.060	0.857143	15s_lane_observations	MATCH	MATCH
sia_csmith_084.c	0.060	0.060	1.000000	15s_lane_observations	MATCH	MATCH
sia_csmith_085.c	0.060	0.060	1.000000	15s_lane_observations	MATCH	MATCH
sia_csmith_086.c	0.190	0.200	1.052632	15s_lane_observations	MATCH	MATCH
sia_csmith_087.c	0.060	0.050	0.833333	15s_lane_observations	MATCH	MATCH
sia_csmith_088.c	3.510	4.320	1.230769	15s_lane_observations	MATCH	MATCH
