input	engine	exit	wall_s	cpu_s	maxrss_kb	status
sa_csmith_348.c	oracle	124	15.02	15.01	367632	CERB_SKIP
sa_csmith_348.c	lean	NA	NA	NA	NA	CERB_SKIP
sa_csmith_349.c	oracle	0	0.04	0.04	48324	MATCH
sa_csmith_349.c	lean	0	0.07	0.06	82920	MATCH
sa_csmith_35.c	oracle	0	0.04	0.04	49392	MATCH
sa_csmith_35.c	lean	0	0.06	0.05	82384	MATCH
sa_csmith_350.c	oracle	0	0.10	0.09	66940	MATCH
sa_csmith_350.c	lean	0	0.23	0.22	109136	MATCH
sa_csmith_351.c	oracle	124	15.03	15.02	624616	CERB_SKIP
sa_csmith_351.c	lean	NA	NA	NA	NA	CERB_SKIP
sa_csmith_352.c	oracle	0	0.08	0.07	62868	MATCH
sa_csmith_352.c	lean	0	0.16	0.15	104444	MATCH
sa_csmith_353.c	oracle	124	15.03	15.03	588236	CERB_SKIP
sa_csmith_353.c	lean	NA	NA	NA	NA	CERB_SKIP
sa_csmith_354.c	oracle	0	0.04	0.04	49184	MATCH
sa_csmith_354.c	lean	0	0.07	0.07	81948	MATCH
sa_csmith_355.c	oracle	124	15.03	15.02	517160	CERB_SKIP
sa_csmith_355.c	lean	NA	NA	NA	NA	CERB_SKIP
sa_csmith_356.c	oracle	0	0.05	0.04	48164	MATCH
sa_csmith_356.c	lean	0	0.07	0.06	80748	MATCH
sa_csmith_357.c	oracle	0	0.04	0.04	49336	MATCH
sa_csmith_357.c	lean	0	0.07	0.06	83020	MATCH
sa_csmith_358.c	oracle	0	0.09	0.09	67128	MATCH
sa_csmith_358.c	lean	0	0.20	0.19	109412	MATCH
sa_csmith_359.c	oracle	124	15.03	15.02	574624	CERB_SKIP
sa_csmith_359.c	lean	NA	NA	NA	NA	CERB_SKIP
sa_csmith_36.c	oracle	124	15.04	15.02	575592	CERB_SKIP
sa_csmith_36.c	lean	NA	NA	NA	NA	CERB_SKIP
sa_csmith_360.c	oracle	0	0.08	0.07	50680	MATCH
sa_csmith_360.c	lean	0	0.17	0.16	82084	MATCH
sa_csmith_361.c	oracle	124	15.03	15.03	579640	CERB_SKIP
sa_csmith_361.c	lean	NA	NA	NA	NA	CERB_SKIP
sa_csmith_362.c	oracle	124	15.04	15.03	679532	CERB_SKIP
sa_csmith_362.c	lean	NA	NA	NA	NA	CERB_SKIP
sa_csmith_363.c	oracle	124	15.04	15.03	692584	CERB_SKIP
sa_csmith_363.c	lean	NA	NA	NA	NA	CERB_SKIP
sa_csmith_364.c	oracle	124	15.03	15.02	622944	CERB_SKIP
sa_csmith_364.c	lean	NA	NA	NA	NA	CERB_SKIP
sa_csmith_365.c	oracle	124	15.04	15.03	668196	CERB_SKIP
sa_csmith_365.c	lean	NA	NA	NA	NA	CERB_SKIP
sa_csmith_366.c	oracle	124	15.04	15.04	688788	CERB_SKIP
sa_csmith_366.c	lean	NA	NA	NA	NA	CERB_SKIP
sa_csmith_367.c	oracle	0	0.04	0.03	48564	MATCH
sa_csmith_367.c	lean	0	0.06	0.05	82520	MATCH
sa_csmith_368.c	oracle	124	15.04	15.01	542728	CERB_SKIP
sa_csmith_368.c	lean	NA	NA	NA	NA	CERB_SKIP
sa_csmith_369.c	oracle	0	4.74	4.74	230912	MATCH
sa_csmith_369.c	lean	0	12.14	12.13	238512	MATCH
sa_csmith_37.c	oracle	124	15.05	15.04	645792	CERB_SKIP
sa_csmith_37.c	lean	NA	NA	NA	NA	CERB_SKIP
sa_csmith_370.c	oracle	124	15.05	15.04	612380	CERB_SKIP
sa_csmith_370.c	lean	NA	NA	NA	NA	CERB_SKIP
sa_csmith_371.c	oracle	0	3.91	3.90	204052	MATCH
sa_csmith_371.c	lean	0	10.15	10.15	208216	MATCH
sa_csmith_372.c	oracle	124	15.05	15.03	600876	CERB_SKIP
sa_csmith_372.c	lean	NA	NA	NA	NA	CERB_SKIP
sa_csmith_373.c	oracle	0	0.12	0.11	70528	MATCH
sa_csmith_373.c	lean	0	0.34	0.34	110276	MATCH
sa_csmith_374.c	oracle	124	15.05	15.03	606316	CERB_SKIP
sa_csmith_374.c	lean	NA	NA	NA	NA	CERB_SKIP
sa_csmith_375.c	oracle	124	15.03	14.98	399948	CERB_SKIP
sa_csmith_375.c	lean	NA	NA	NA	NA	CERB_SKIP
sa_csmith_376.c	oracle	0	0.43	0.42	80456	MATCH
sa_csmith_376.c	lean	0	1.17	1.17	110588	MATCH
sa_csmith_377.c	oracle	0	0.04	0.03	49236	MATCH
sa_csmith_377.c	lean	0	0.07	0.07	81024	MATCH
sa_csmith_378.c	oracle	124	15.05	15.03	598172	CERB_SKIP
sa_csmith_378.c	lean	NA	NA	NA	NA	CERB_SKIP
sa_csmith_379.c	oracle	124	15.02	15.00	309460	CERB_SKIP
sa_csmith_379.c	lean	NA	NA	NA	NA	CERB_SKIP
sa_csmith_38.c	oracle	124	15.04	15.03	602568	CERB_SKIP
sa_csmith_38.c	lean	NA	NA	NA	NA	CERB_SKIP
sa_csmith_380.c	oracle	0	0.04	0.04	48960	MATCH
sa_csmith_380.c	lean	0	0.12	0.12	81536	MATCH
sa_csmith_381.c	oracle	124	15.04	15.03	527096	CERB_SKIP
sa_csmith_381.c	lean	NA	NA	NA	NA	CERB_SKIP
sa_csmith_382.c	oracle	0	0.04	0.03	48836	MATCH
sa_csmith_382.c	lean	0	0.07	0.06	82184	MATCH
sa_csmith_383.c	oracle	124	15.04	15.04	585208	CERB_SKIP
sa_csmith_383.c	lean	NA	NA	NA	NA	CERB_SKIP
sa_csmith_384.c	oracle	124	15.05	15.04	616220	CERB_SKIP
sa_csmith_384.c	lean	NA	NA	NA	NA	CERB_SKIP
sa_csmith_385.c	oracle	0	0.04	0.03	49204	MATCH
sa_csmith_385.c	lean	0	0.08	0.08	83192	MATCH
sa_csmith_386.c	oracle	0	0.08	0.08	60516	MATCH
sa_csmith_386.c	lean	0	0.32	0.31	99212	MATCH
sa_csmith_387.c	oracle	0	0.09	0.09	67772	MATCH
sa_csmith_387.c	lean	0	0.22	0.22	109960	MATCH
sa_csmith_388.c	oracle	0	0.05	0.05	48908	MATCH
sa_csmith_388.c	lean	0	0.07	0.06	82764	MATCH
sa_csmith_389.c	oracle	124	15.04	15.03	593724	CERB_SKIP
sa_csmith_389.c	lean	NA	NA	NA	NA	CERB_SKIP
sa_csmith_39.c	oracle	124	15.04	15.04	603344	CERB_SKIP
sa_csmith_39.c	lean	NA	NA	NA	NA	CERB_SKIP
sa_csmith_390.c	oracle	0	0.04	0.03	49488	MATCH
sa_csmith_390.c	lean	0	0.08	0.08	82024	MATCH
sa_csmith_391.c	oracle	124	15.04	15.04	565160	CERB_SKIP
sa_csmith_391.c	lean	NA	NA	NA	NA	CERB_SKIP
sa_csmith_392.c	oracle	0	0.04	0.03	48812	MATCH
sa_csmith_392.c	lean	0	0.07	0.06	81680	MATCH
sa_csmith_393.c	oracle	124	15.04	15.03	567764	CERB_SKIP
sa_csmith_393.c	lean	NA	NA	NA	NA	CERB_SKIP
sa_csmith_394.c	oracle	0	0.04	0.04	49268	MATCH
sa_csmith_394.c	lean	0	0.09	0.08	81608	MATCH
sa_csmith_395.c	oracle	124	15.04	15.04	599836	CERB_SKIP
sa_csmith_395.c	lean	NA	NA	NA	NA	CERB_SKIP
sa_csmith_396.c	oracle	0	0.08	0.08	60480	MATCH
sa_csmith_396.c	lean	0	0.20	0.20	100012	MATCH
sa_csmith_397.c	oracle	0	0.10	0.09	63384	MATCH
sa_csmith_397.c	lean	0	0.21	0.21	104868	MATCH
sa_csmith_398.c	oracle	0	0.05	0.05	48880	MATCH
sa_csmith_398.c	lean	0	0.07	0.07	81464	MATCH
sa_csmith_399.c	oracle	124	15.05	15.04	607412	CERB_SKIP
sa_csmith_399.c	lean	NA	NA	NA	NA	CERB_SKIP
sa_csmith_40.c	oracle	0	0.04	0.04	48732	MATCH
sa_csmith_40.c	lean	0	0.07	0.06	82748	MATCH
sa_csmith_400.c	oracle	124	15.04	15.04	621908	CERB_SKIP
sa_csmith_400.c	lean	NA	NA	NA	NA	CERB_SKIP
sa_csmith_401.c	oracle	124	15.04	15.04	632928	CERB_SKIP
sa_csmith_401.c	lean	NA	NA	NA	NA	CERB_SKIP
sa_csmith_402.c	oracle	124	15.04	15.04	586660	CERB_SKIP
sa_csmith_402.c	lean	NA	NA	NA	NA	CERB_SKIP
sa_csmith_403.c	oracle	0	0.06	0.06	50592	MATCH
sa_csmith_403.c	lean	0	0.13	0.13	84420	MATCH
sa_csmith_404.c	oracle	124	15.04	15.04	576872	CERB_SKIP
sa_csmith_404.c	lean	NA	NA	NA	NA	CERB_SKIP
sa_csmith_405.c	oracle	124	15.05	15.04	614080	CERB_SKIP
sa_csmith_405.c	lean	NA	NA	NA	NA	CERB_SKIP
sa_csmith_406.c	oracle	0	0.04	0.03	49148	MATCH
sa_csmith_406.c	lean	0	0.10	0.10	79548	MATCH
sa_csmith_407.c	oracle	0	0.04	0.04	49012	MATCH
sa_csmith_407.c	lean	0	0.08	0.07	81548	MATCH
sa_csmith_408.c	oracle	0	0.04	0.04	49492	MATCH
sa_csmith_408.c	lean	0	0.07	0.07	82120	MATCH
sa_csmith_409.c	oracle	0	0.09	0.09	62884	MATCH
sa_csmith_409.c	lean	0	0.20	0.20	103888	MATCH
sa_csmith_41.c	oracle	124	15.05	15.04	632184	CERB_SKIP
sa_csmith_41.c	lean	NA	NA	NA	NA	CERB_SKIP
sa_csmith_410.c	oracle	124	15.05	15.04	626364	CERB_SKIP
sa_csmith_410.c	lean	NA	NA	NA	NA	CERB_SKIP
sa_csmith_411.c	oracle	124	15.05	15.04	626104	CERB_SKIP
sa_csmith_411.c	lean	NA	NA	NA	NA	CERB_SKIP
sa_csmith_412.c	oracle	124	15.04	15.04	554892	CERB_SKIP
sa_csmith_412.c	lean	NA	NA	NA	NA	CERB_SKIP
sa_csmith_413.c	oracle	124	15.05	15.04	617532	CERB_SKIP
sa_csmith_413.c	lean	NA	NA	NA	NA	CERB_SKIP
sa_csmith_414.c	oracle	124	15.03	15.02	358584	CERB_SKIP
sa_csmith_414.c	lean	NA	NA	NA	NA	CERB_SKIP
sa_csmith_415.c	oracle	124	15.04	15.04	599700	CERB_SKIP
sa_csmith_415.c	lean	NA	NA	NA	NA	CERB_SKIP
sa_csmith_416.c	oracle	124	15.04	15.03	539108	CERB_SKIP
sa_csmith_416.c	lean	NA	NA	NA	NA	CERB_SKIP
sa_csmith_417.c	oracle	0	0.08	0.07	59140	MATCH
sa_csmith_417.c	lean	0	0.17	0.16	100396	MATCH
sa_csmith_418.c	oracle	124	15.04	15.03	601752	CERB_SKIP
sa_csmith_418.c	lean	NA	NA	NA	NA	CERB_SKIP
sa_csmith_419.c	oracle	0	6.12	6.11	285280	TIMEOUT
sa_csmith_419.c	lean	124	15.00	15.00	265008	TIMEOUT
sa_csmith_42.c	oracle	0	0.08	0.08	62280	MATCH
sa_csmith_42.c	lean	0	0.18	0.17	102024	MATCH
sa_csmith_420.c	oracle	124	15.05	15.05	649840	CERB_SKIP
sa_csmith_420.c	lean	NA	NA	NA	NA	CERB_SKIP
sa_csmith_421.c	oracle	124	15.04	15.03	533488	CERB_SKIP
sa_csmith_421.c	lean	NA	NA	NA	NA	CERB_SKIP
sa_csmith_422.c	oracle	0	0.04	0.04	48668	MATCH
sa_csmith_422.c	lean	0	0.07	0.06	80468	MATCH
sa_csmith_423.c	oracle	124	15.04	15.04	606540	CERB_SKIP
sa_csmith_423.c	lean	NA	NA	NA	NA	CERB_SKIP
sa_csmith_424.c	oracle	0	0.04	0.04	49252	MATCH
sa_csmith_424.c	lean	0	0.07	0.06	82828	MATCH
sa_csmith_425.c	oracle	124	15.05	15.05	611624	CERB_SKIP
sa_csmith_425.c	lean	NA	NA	NA	NA	CERB_SKIP
sa_csmith_426.c	oracle	0	0.09	0.08	62100	MATCH
sa_csmith_426.c	lean	0	0.21	0.21	104052	MATCH
sa_csmith_427.c	oracle	124	15.05	15.04	626740	CERB_SKIP
sa_csmith_427.c	lean	NA	NA	NA	NA	CERB_SKIP
sa_csmith_428.c	oracle	124	15.05	15.04	623592	CERB_SKIP
sa_csmith_428.c	lean	NA	NA	NA	NA	CERB_SKIP
sa_csmith_429.c	oracle	124	15.05	15.04	636180	CERB_SKIP
sa_csmith_429.c	lean	NA	NA	NA	NA	CERB_SKIP
sa_csmith_43.c	oracle	124	15.03	15.01	346404	CERB_SKIP
sa_csmith_43.c	lean	NA	NA	NA	NA	CERB_SKIP
sa_csmith_430.c	oracle	0	0.04	0.04	48032	MATCH
sa_csmith_430.c	lean	0	0.07	0.07	81676	MATCH
sa_csmith_431.c	oracle	0	0.07	0.06	56972	MATCH
sa_csmith_431.c	lean	0	0.14	0.13	101332	MATCH
sa_csmith_432.c	oracle	124	15.04	15.03	552840	CERB_SKIP
sa_csmith_432.c	lean	NA	NA	NA	NA	CERB_SKIP
sa_csmith_433.c	oracle	124	15.04	15.04	577108	CERB_SKIP
sa_csmith_433.c	lean	NA	NA	NA	NA	CERB_SKIP
sa_csmith_434.c	oracle	0	0.04	0.04	48684	MATCH
sa_csmith_434.c	lean	0	0.06	0.06	81324	MATCH
sa_csmith_435.c	oracle	0	6.81	6.80	258964	TIMEOUT
sa_csmith_435.c	lean	124	15.01	15.00	185468	TIMEOUT
sa_csmith_436.c	oracle	124	15.05	15.04	576880	CERB_SKIP
sa_csmith_436.c	lean	NA	NA	NA	NA	CERB_SKIP
sa_csmith_437.c	oracle	124	15.04	15.04	585620	CERB_SKIP
sa_csmith_437.c	lean	NA	NA	NA	NA	CERB_SKIP
sa_csmith_438.c	oracle	124	15.04	15.04	620848	CERB_SKIP
sa_csmith_438.c	lean	NA	NA	NA	NA	CERB_SKIP
sa_csmith_439.c	oracle	0	0.10	0.10	60860	MATCH
sa_csmith_439.c	lean	0	0.24	0.23	100936	MATCH
sa_csmith_44.c	oracle	0	0.05	0.04	52968	MATCH
sa_csmith_44.c	lean	0	0.11	0.10	84400	MATCH
sa_csmith_440.c	oracle	0	0.05	0.04	48828	MATCH
sa_csmith_440.c	lean	0	0.07	0.06	80908	MATCH
sa_csmith_441.c	oracle	0	0.04	0.04	49480	MATCH
sa_csmith_441.c	lean	0	0.07	0.06	82060	MATCH
sa_csmith_442.c	oracle	124	15.05	15.04	625440	CERB_SKIP
sa_csmith_442.c	lean	NA	NA	NA	NA	CERB_SKIP
sa_csmith_443.c	oracle	124	15.04	15.04	587236	CERB_SKIP
sa_csmith_443.c	lean	NA	NA	NA	NA	CERB_SKIP
sa_csmith_444.c	oracle	0	0.04	0.04	48756	MATCH
sa_csmith_444.c	lean	0	0.07	0.06	81548	MATCH
sa_csmith_445.c	oracle	124	15.05	15.04	604972	CERB_SKIP
sa_csmith_445.c	lean	NA	NA	NA	NA	CERB_SKIP
sa_csmith_446.c	oracle	124	15.04	15.04	573100	CERB_SKIP
sa_csmith_446.c	lean	NA	NA	NA	NA	CERB_SKIP
sa_csmith_447.c	oracle	0	0.04	0.04	49660	MATCH
sa_csmith_447.c	lean	0	0.07	0.06	81076	MATCH
sa_csmith_448.c	oracle	124	15.05	15.04	615156	CERB_SKIP
sa_csmith_448.c	lean	NA	NA	NA	NA	CERB_SKIP
sa_csmith_449.c	oracle	124	15.05	15.04	599476	CERB_SKIP
sa_csmith_449.c	lean	NA	NA	NA	NA	CERB_SKIP
sa_csmith_45.c	oracle	0	0.04	0.03	48976	MATCH
sa_csmith_45.c	lean	0	0.07	0.06	82028	MATCH
sa_csmith_450.c	oracle	0	0.10	0.10	68516	MATCH
sa_csmith_450.c	lean	0	0.26	0.25	111944	MATCH
sa_csmith_451.c	oracle	0	0.04	0.04	49232	MATCH
sa_csmith_451.c	lean	0	0.07	0.06	81476	MATCH
sa_csmith_452.c	oracle	0	0.10	0.10	67644	MATCH
sa_csmith_452.c	lean	0	0.24	0.24	110588	MATCH
sa_csmith_453.c	oracle	124	15.04	15.04	560180	CERB_SKIP
sa_csmith_453.c	lean	NA	NA	NA	NA	CERB_SKIP
sa_csmith_454.c	oracle	124	15.05	15.04	635104	CERB_SKIP
sa_csmith_454.c	lean	NA	NA	NA	NA	CERB_SKIP
sa_csmith_455.c	oracle	124	15.05	15.04	627036	CERB_SKIP
sa_csmith_455.c	lean	NA	NA	NA	NA	CERB_SKIP
sa_csmith_456.c	oracle	124	15.05	15.04	621272	CERB_SKIP
sa_csmith_456.c	lean	NA	NA	NA	NA	CERB_SKIP
sa_csmith_457.c	oracle	124	15.05	15.04	622796	CERB_SKIP
sa_csmith_457.c	lean	NA	NA	NA	NA	CERB_SKIP
sa_csmith_458.c	oracle	124	15.05	15.04	626648	CERB_SKIP
sa_csmith_458.c	lean	NA	NA	NA	NA	CERB_SKIP
sa_csmith_459.c	oracle	124	15.04	15.04	568376	CERB_SKIP
sa_csmith_459.c	lean	NA	NA	NA	NA	CERB_SKIP
sa_csmith_46.c	oracle	124	15.05	15.04	604888	CERB_SKIP
sa_csmith_46.c	lean	NA	NA	NA	NA	CERB_SKIP
sa_csmith_460.c	oracle	0	0.04	0.04	48632	MATCH
sa_csmith_460.c	lean	0	0.07	0.06	82076	MATCH
sa_csmith_461.c	oracle	124	15.05	15.04	631376	CERB_SKIP
sa_csmith_461.c	lean	NA	NA	NA	NA	CERB_SKIP
sa_csmith_462.c	oracle	124	15.05	15.04	626616	CERB_SKIP
sa_csmith_462.c	lean	NA	NA	NA	NA	CERB_SKIP
sa_csmith_463.c	oracle	124	15.05	15.04	619620	CERB_SKIP
sa_csmith_463.c	lean	NA	NA	NA	NA	CERB_SKIP
sa_csmith_464.c	oracle	124	15.05	15.05	633912	CERB_SKIP
sa_csmith_464.c	lean	NA	NA	NA	NA	CERB_SKIP
sa_csmith_465.c	oracle	124	15.05	15.04	628244	CERB_SKIP
sa_csmith_465.c	lean	NA	NA	NA	NA	CERB_SKIP
sa_csmith_466.c	oracle	124	15.05	15.04	622952	CERB_SKIP
sa_csmith_466.c	lean	NA	NA	NA	NA	CERB_SKIP
sa_csmith_467.c	oracle	124	15.05	15.04	649704	CERB_SKIP
sa_csmith_467.c	lean	NA	NA	NA	NA	CERB_SKIP
sa_csmith_468.c	oracle	0	0.04	0.04	48800	MATCH
sa_csmith_468.c	lean	0	0.07	0.06	80488	MATCH
sa_csmith_469.c	oracle	0	0.11	0.11	72404	MATCH
sa_csmith_469.c	lean	0	0.25	0.24	117368	MATCH
sa_csmith_47.c	oracle	124	15.05	15.05	646564	CERB_SKIP
sa_csmith_47.c	lean	NA	NA	NA	NA	CERB_SKIP
sa_csmith_470.c	oracle	0	0.11	0.11	67032	MATCH
sa_csmith_470.c	lean	0	0.27	0.27	106884	MATCH
sa_csmith_48.c	oracle	124	15.04	15.04	582448	CERB_SKIP
sa_csmith_48.c	lean	NA	NA	NA	NA	CERB_SKIP
sa_csmith_49.c	oracle	124	15.04	15.04	576424	CERB_SKIP
sa_csmith_49.c	lean	NA	NA	NA	NA	CERB_SKIP
sa_csmith_50.c	oracle	124	15.04	15.04	559484	CERB_SKIP
sa_csmith_50.c	lean	NA	NA	NA	NA	CERB_SKIP
sa_csmith_51.c	oracle	0	0.04	0.03	48968	MATCH
sa_csmith_51.c	lean	0	0.08	0.07	82056	MATCH
sa_csmith_52.c	oracle	0	0.10	0.09	69292	MATCH
sa_csmith_52.c	lean	0	0.25	0.25	112872	MATCH
sa_csmith_53.c	oracle	124	15.04	15.03	496908	CERB_SKIP
sa_csmith_53.c	lean	NA	NA	NA	NA	CERB_SKIP
sa_csmith_54.c	oracle	124	15.05	15.05	648676	CERB_SKIP
sa_csmith_54.c	lean	NA	NA	NA	NA	CERB_SKIP
sa_csmith_55.c	oracle	124	15.05	15.04	621332	CERB_SKIP
sa_csmith_55.c	lean	NA	NA	NA	NA	CERB_SKIP
sa_csmith_56.c	oracle	0	0.04	0.04	48392	MATCH
sa_csmith_56.c	lean	0	0.07	0.06	82068	MATCH
sa_csmith_57.c	oracle	124	15.05	15.04	673416	CERB_SKIP
sa_csmith_57.c	lean	NA	NA	NA	NA	CERB_SKIP
sa_csmith_58.c	oracle	124	15.05	15.04	626624	CERB_SKIP
sa_csmith_58.c	lean	NA	NA	NA	NA	CERB_SKIP
sa_csmith_59.c	oracle	124	15.01	15.01	246424	CERB_SKIP
sa_csmith_59.c	lean	NA	NA	NA	NA	CERB_SKIP
sa_csmith_60.c	oracle	0	0.04	0.03	48220	MATCH
sa_csmith_60.c	lean	0	0.07	0.06	81196	MATCH
sa_csmith_61.c	oracle	0	0.10	0.10	67504	MATCH
sa_csmith_61.c	lean	0	0.23	0.22	109416	MATCH
sa_csmith_62.c	oracle	124	15.05	15.04	684700	CERB_SKIP
sa_csmith_62.c	lean	NA	NA	NA	NA	CERB_SKIP
sa_csmith_63.c	oracle	0	0.18	0.17	67968	MATCH
sa_csmith_63.c	lean	0	0.43	0.42	105708	MATCH
sa_csmith_64.c	oracle	0	0.09	0.09	62200	MATCH
sa_csmith_64.c	lean	0	0.18	0.17	101464	MATCH
sa_csmith_65.c	oracle	124	15.04	15.03	588056	CERB_SKIP
sa_csmith_65.c	lean	NA	NA	NA	NA	CERB_SKIP
sa_csmith_66.c	oracle	0	0.10	0.10	64368	MATCH
sa_csmith_66.c	lean	0	0.22	0.21	103132	MATCH
sa_csmith_67.c	oracle	0	0.04	0.04	48452	MATCH
sa_csmith_67.c	lean	0	0.06	0.06	81624	MATCH
sa_csmith_68.c	oracle	0	0.04	0.04	48980	MATCH
sa_csmith_68.c	lean	0	0.06	0.06	82152	MATCH
sa_csmith_69.c	oracle	124	15.04	15.04	616972	CERB_SKIP
sa_csmith_69.c	lean	NA	NA	NA	NA	CERB_SKIP
sa_csmith_7.c	oracle	0	0.04	0.04	48644	MATCH
sa_csmith_7.c	lean	0	0.06	0.06	80596	MATCH
sa_csmith_70.c	oracle	124	15.02	15.01	299432	CERB_SKIP
sa_csmith_70.c	lean	NA	NA	NA	NA	CERB_SKIP
sa_csmith_71.c	oracle	124	15.05	15.04	642928	CERB_SKIP
sa_csmith_71.c	lean	NA	NA	NA	NA	CERB_SKIP
sa_csmith_72.c	oracle	124	15.03	15.03	478420	CERB_SKIP
sa_csmith_72.c	lean	NA	NA	NA	NA	CERB_SKIP
sa_csmith_73.c	oracle	124	15.04	15.03	508200	CERB_SKIP
sa_csmith_73.c	lean	NA	NA	NA	NA	CERB_SKIP
sa_csmith_74.c	oracle	124	15.03	15.02	436172	CERB_SKIP
sa_csmith_74.c	lean	NA	NA	NA	NA	CERB_SKIP
sa_csmith_75.c	oracle	0	1.52	1.51	122916	MATCH
sa_csmith_75.c	lean	0	3.98	3.98	141144	MATCH
sa_csmith_76.c	oracle	0	0.09	0.09	64488	MATCH
sa_csmith_76.c	lean	0	0.19	0.19	104892	MATCH
sa_csmith_77.c	oracle	124	15.05	15.04	637140	CERB_SKIP
sa_csmith_77.c	lean	NA	NA	NA	NA	CERB_SKIP
sa_csmith_78.c	oracle	124	15.05	15.04	639576	CERB_SKIP
sa_csmith_78.c	lean	NA	NA	NA	NA	CERB_SKIP
sa_csmith_79.c	oracle	0	0.04	0.03	49156	MATCH
sa_csmith_79.c	lean	0	0.07	0.06	82116	MATCH
sa_csmith_8.c	oracle	124	15.03	15.02	507016	CERB_SKIP
sa_csmith_8.c	lean	NA	NA	NA	NA	CERB_SKIP
sa_csmith_80.c	oracle	124	15.04	15.03	586708	CERB_SKIP
sa_csmith_80.c	lean	NA	NA	NA	NA	CERB_SKIP
sa_csmith_81.c	oracle	0	0.04	0.04	48680	MATCH
sa_csmith_81.c	lean	0	0.06	0.05	82348	MATCH
sa_csmith_82.c	oracle	0	0.15	0.15	55092	MATCH
sa_csmith_82.c	lean	0	0.36	0.35	84348	MATCH
sa_csmith_83.c	oracle	0	0.04	0.03	49276	MATCH
sa_csmith_83.c	lean	0	0.07	0.06	81716	MATCH
sa_csmith_84.c	oracle	0	0.04	0.04	48856	MATCH
sa_csmith_84.c	lean	0	0.06	0.06	82728	MATCH
sa_csmith_85.c	oracle	124	15.02	15.02	340236	CERB_SKIP
sa_csmith_85.c	lean	NA	NA	NA	NA	CERB_SKIP
sa_csmith_86.c	oracle	124	15.05	15.04	641532	CERB_SKIP
sa_csmith_86.c	lean	NA	NA	NA	NA	CERB_SKIP
sa_csmith_87.c	oracle	0	0.04	0.04	49184	MATCH
sa_csmith_87.c	lean	0	0.07	0.06	81908	MATCH
sa_csmith_88.c	oracle	124	15.04	15.04	603532	CERB_SKIP
sa_csmith_88.c	lean	NA	NA	NA	NA	CERB_SKIP
sa_csmith_89.c	oracle	0	0.20	0.19	56916	MATCH
sa_csmith_89.c	lean	0	0.49	0.48	86916	MATCH
sa_csmith_9.c	oracle	124	15.04	15.04	606228	CERB_SKIP
sa_csmith_9.c	lean	NA	NA	NA	NA	CERB_SKIP
sa_csmith_90.c	oracle	0	0.09	0.09	65640	MATCH
sa_csmith_90.c	lean	0	0.20	0.19	105572	MATCH
sa_csmith_91.c	oracle	0	0.05	0.04	48360	MATCH
sa_csmith_91.c	lean	0	0.07	0.06	81764	MATCH
sa_csmith_92.c	oracle	0	0.22	0.22	67940	MATCH
sa_csmith_92.c	lean	0	0.56	0.55	99676	MATCH
sa_csmith_93.c	oracle	124	15.04	15.03	564640	CERB_SKIP
sa_csmith_93.c	lean	NA	NA	NA	NA	CERB_SKIP
sa_csmith_94.c	oracle	124	15.03	15.03	514044	CERB_SKIP
sa_csmith_94.c	lean	NA	NA	NA	NA	CERB_SKIP
sa_csmith_95.c	oracle	0	0.10	0.09	69036	MATCH
sa_csmith_95.c	lean	0	0.21	0.20	110200	MATCH
sa_csmith_96.c	oracle	0	0.04	0.04	49492	MATCH
sa_csmith_96.c	lean	0	0.07	0.06	82540	MATCH
sa_csmith_97.c	oracle	124	15.05	15.04	649540	CERB_SKIP
sa_csmith_97.c	lean	NA	NA	NA	NA	CERB_SKIP
sa_csmith_98.c	oracle	124	15.05	15.04	631588	CERB_SKIP
sa_csmith_98.c	lean	NA	NA	NA	NA	CERB_SKIP
sa_csmith_99.c	oracle	124	15.04	15.03	593796	CERB_SKIP
sa_csmith_99.c	lean	NA	NA	NA	NA	CERB_SKIP
sia_csmith_001.c	oracle	124	15.04	15.03	510392	CERB_SKIP
sia_csmith_001.c	lean	NA	NA	NA	NA	CERB_SKIP
sia_csmith_002.c	oracle	0	0.05	0.04	49820	MATCH
sia_csmith_002.c	lean	0	0.07	0.07	84352	MATCH
sia_csmith_003.c	oracle	0	0.04	0.03	48172	MATCH
sia_csmith_003.c	lean	0	0.06	0.06	82528	MATCH
sia_csmith_004.c	oracle	0	0.04	0.03	48824	MATCH
sia_csmith_004.c	lean	0	0.07	0.06	81308	MATCH
sia_csmith_005.c	oracle	0	0.04	0.04	48700	MATCH
sia_csmith_005.c	lean	0	0.06	0.05	82256	MATCH
sia_csmith_006.c	oracle	0	0.20	0.19	56812	MATCH
sia_csmith_006.c	lean	0	0.51	0.50	85980	MATCH
sia_csmith_007.c	oracle	0	0.04	0.04	49156	MATCH
sia_csmith_007.c	lean	0	0.07	0.06	81528	MATCH
sia_csmith_008.c	oracle	0	0.05	0.05	50812	MATCH
sia_csmith_008.c	lean	0	0.08	0.08	84996	MATCH
sia_csmith_009.c	oracle	0	0.05	0.04	49112	MATCH
sia_csmith_009.c	lean	0	0.08	0.07	81512	MATCH
sia_csmith_010.c	oracle	0	0.05	0.04	48304	MATCH
sia_csmith_010.c	lean	0	0.07	0.06	81604	MATCH
sia_csmith_011.c	oracle	0	0.04	0.04	48224	MATCH
sia_csmith_011.c	lean	0	0.07	0.06	82520	MATCH
sia_csmith_012.c	oracle	0	0.04	0.03	48812	MATCH
sia_csmith_012.c	lean	0	0.06	0.05	81212	MATCH
sia_csmith_013.c	oracle	0	0.04	0.04	49092	MATCH
sia_csmith_013.c	lean	0	0.07	0.06	82440	MATCH
sia_csmith_014.c	oracle	0	0.05	0.05	50496	MATCH
sia_csmith_014.c	lean	0	0.10	0.09	84264	MATCH
sia_csmith_015.c	oracle	0	0.04	0.04	48964	MATCH
sia_csmith_015.c	lean	0	0.07	0.06	82776	MATCH
sia_csmith_016.c	oracle	0	3.09	3.09	173444	MATCH
sia_csmith_016.c	lean	0	8.92	8.91	182612	MATCH
sia_csmith_017.c	oracle	0	0.04	0.04	48540	MATCH
sia_csmith_017.c	lean	0	0.06	0.06	82684	MATCH
sia_csmith_018.c	oracle	0	0.09	0.09	51820	MATCH
sia_csmith_018.c	lean	0	0.21	0.20	81660	MATCH
sia_csmith_019.c	oracle	0	0.06	0.06	48940	MATCH
sia_csmith_019.c	lean	0	0.12	0.11	81492	MATCH
sia_csmith_020.c	oracle	0	0.04	0.04	48368	MATCH
sia_csmith_020.c	lean	0	0.06	0.06	81336	MATCH
sia_csmith_021.c	oracle	0	0.13	0.13	56924	MATCH
sia_csmith_021.c	lean	0	0.31	0.30	89776	MATCH
sia_csmith_022.c	oracle	0	0.05	0.04	49160	MATCH
sia_csmith_022.c	lean	0	0.09	0.08	81476	MATCH
sia_csmith_023.c	oracle	0	0.04	0.04	48912	MATCH
sia_csmith_023.c	lean	0	0.07	0.06	81584	MATCH
sia_csmith_024.c	oracle	0	0.04	0.04	48940	MATCH
sia_csmith_024.c	lean	0	0.07	0.06	81712	MATCH
sia_csmith_025.c	oracle	0	0.04	0.04	48280	MATCH
sia_csmith_025.c	lean	0	0.07	0.07	81624	MATCH
sia_csmith_026.c	oracle	0	0.04	0.04	49188	MATCH
sia_csmith_026.c	lean	0	0.07	0.07	81148	MATCH
sia_csmith_027.c	oracle	0	0.04	0.04	48832	MATCH
sia_csmith_027.c	lean	0	0.07	0.06	82688	MATCH
sia_csmith_028.c	oracle	0	0.07	0.06	49556	MATCH
sia_csmith_028.c	lean	0	0.12	0.11	84036	MATCH
sia_csmith_029.c	oracle	0	0.04	0.04	48640	MATCH
sia_csmith_029.c	lean	0	0.07	0.06	81428	MATCH
sia_csmith_030.c	oracle	0	0.22	0.21	56268	MATCH
sia_csmith_030.c	lean	0	0.52	0.51	82700	MATCH
sia_csmith_031.c	oracle	124	15.06	15.05	730484	CERB_SKIP
sia_csmith_031.c	lean	NA	NA	NA	NA	CERB_SKIP
sia_csmith_032.c	oracle	124	15.01	15.00	140500	CERB_SKIP
sia_csmith_032.c	lean	NA	NA	NA	NA	CERB_SKIP
sia_csmith_033.c	oracle	0	0.06	0.05	48696	MATCH
sia_csmith_033.c	lean	0	0.12	0.11	81384	MATCH
sia_csmith_034.c	oracle	0	0.05	0.04	49068	MATCH
sia_csmith_034.c	lean	0	0.08	0.07	82080	MATCH
sia_csmith_035.c	oracle	0	0.07	0.07	61108	MATCH
sia_csmith_035.c	lean	0	0.14	0.14	99968	MATCH
sia_csmith_036.c	oracle	0	0.06	0.05	49336	MATCH
sia_csmith_036.c	lean	0	0.10	0.09	80972	MATCH
sia_csmith_037.c	oracle	124	15.04	15.04	678956	CERB_SKIP
sia_csmith_037.c	lean	NA	NA	NA	NA	CERB_SKIP
sia_csmith_038.c	oracle	0	0.04	0.04	48880	MATCH
sia_csmith_038.c	lean	0	0.06	0.06	82648	MATCH
sia_csmith_039.c	oracle	0	0.04	0.03	49120	MATCH
sia_csmith_039.c	lean	0	0.07	0.07	82420	MATCH
sia_csmith_040.c	oracle	0	0.05	0.05	51248	MATCH
sia_csmith_040.c	lean	0	0.11	0.11	86032	MATCH
sia_csmith_041.c	oracle	0	3.86	3.85	209768	MATCH
sia_csmith_041.c	lean	0	10.68	10.67	225748	MATCH
sia_csmith_042.c	oracle	0	0.04	0.04	48616	MATCH
sia_csmith_042.c	lean	0	0.07	0.06	82288	MATCH
sia_csmith_043.c	oracle	0	0.08	0.08	50708	MATCH
sia_csmith_043.c	lean	0	0.19	0.18	84668	MATCH
sia_csmith_044.c	oracle	0	0.06	0.05	52284	MATCH
sia_csmith_044.c	lean	0	0.11	0.10	87348	MATCH
sia_csmith_045.c	oracle	0	0.04	0.04	49372	MATCH
sia_csmith_045.c	lean	0	0.07	0.06	82356	MATCH
sia_csmith_046.c	oracle	0	0.04	0.04	48392	MATCH
sia_csmith_046.c	lean	0	0.07	0.06	81596	MATCH
sia_csmith_047.c	oracle	124	15.04	15.03	586660	CERB_SKIP
sia_csmith_047.c	lean	NA	NA	NA	NA	CERB_SKIP
sia_csmith_048.c	oracle	0	0.04	0.03	49612	MATCH
sia_csmith_048.c	lean	0	0.07	0.07	84196	MATCH
sia_csmith_049.c	oracle	0	0.04	0.03	48104	MATCH
sia_csmith_049.c	lean	0	0.06	0.05	82360	MATCH
sia_csmith_050.c	oracle	0	0.05	0.04	48516	MATCH
sia_csmith_050.c	lean	0	0.07	0.06	81584	MATCH
sia_csmith_051.c	oracle	0	0.04	0.04	49276	MATCH
sia_csmith_051.c	lean	0	0.07	0.06	81072	MATCH
sia_csmith_052.c	oracle	0	0.05	0.04	50164	MATCH
sia_csmith_052.c	lean	0	0.07	0.07	84548	MATCH
sia_csmith_053.c	oracle	0	0.04	0.04	48816	MATCH
sia_csmith_053.c	lean	0	0.07	0.06	81564	MATCH
sia_csmith_054.c	oracle	0	0.04	0.04	47956	MATCH
sia_csmith_054.c	lean	0	0.06	0.06	82176	MATCH
sia_csmith_055.c	oracle	124	15.04	15.04	549364	CERB_SKIP
sia_csmith_055.c	lean	NA	NA	NA	NA	CERB_SKIP
sia_csmith_056.c	oracle	0	0.05	0.04	49748	MATCH
sia_csmith_056.c	lean	0	0.08	0.07	83244	MATCH
sia_csmith_057.c	oracle	0	0.04	0.04	48604	MATCH
sia_csmith_057.c	lean	0	0.06	0.06	82612	MATCH
sia_csmith_058.c	oracle	0	0.04	0.03	48960	MATCH
sia_csmith_058.c	lean	0	0.06	0.06	81564	MATCH
sia_csmith_059.c	oracle	0	0.05	0.05	49460	MATCH
sia_csmith_059.c	lean	0	0.10	0.09	81208	MATCH
sia_csmith_060.c	oracle	0	0.04	0.04	48152	MATCH
sia_csmith_060.c	lean	0	0.07	0.06	81952	MATCH
sia_csmith_061.c	oracle	0	0.05	0.05	51300	MATCH
sia_csmith_061.c	lean	0	0.09	0.08	86280	MATCH
sia_csmith_062.c	oracle	0	0.06	0.06	51152	MATCH
sia_csmith_062.c	lean	0	0.12	0.11	85840	MATCH
sia_csmith_063.c	oracle	0	0.05	0.05	48956	MATCH
sia_csmith_063.c	lean	0	0.07	0.06	81856	MATCH
sia_csmith_064.c	oracle	0	0.06	0.05	50440	MATCH
sia_csmith_064.c	lean	0	0.08	0.07	82872	MATCH
sia_csmith_065.c	oracle	0	0.04	0.04	48740	MATCH
sia_csmith_065.c	lean	0	0.07	0.06	82568	MATCH
sia_csmith_066.c	oracle	0	0.04	0.04	48592	MATCH
sia_csmith_066.c	lean	0	0.07	0.06	82172	MATCH
sia_csmith_067.c	oracle	0	0.08	0.07	51864	MATCH
sia_csmith_067.c	lean	0	0.15	0.14	85392	MATCH
sia_csmith_068.c	oracle	0	0.05	0.04	49032	MATCH
sia_csmith_068.c	lean	0	0.07	0.06	82356	MATCH
sia_csmith_069.c	oracle	0	0.05	0.05	49156	MATCH
sia_csmith_069.c	lean	0	0.08	0.07	82424	MATCH
sia_csmith_070.c	oracle	0	0.04	0.03	48660	MATCH
sia_csmith_070.c	lean	0	0.07	0.06	81436	MATCH
sia_csmith_071.c	oracle	0	0.13	0.13	52700	MATCH
sia_csmith_071.c	lean	0	0.31	0.31	82428	MATCH
sia_csmith_072.c	oracle	0	9.44	9.44	435688	TIMEOUT
sia_csmith_072.c	lean	124	15.00	15.00	291296	TIMEOUT
sia_csmith_073.c	oracle	0	0.44	0.44	70188	MATCH
sia_csmith_073.c	lean	0	1.16	1.15	96552	MATCH
sia_csmith_074.c	oracle	124	15.04	15.04	597676	CERB_SKIP
sia_csmith_074.c	lean	NA	NA	NA	NA	CERB_SKIP
sia_csmith_075.c	oracle	0	0.04	0.03	48312	MATCH
sia_csmith_075.c	lean	0	0.06	0.05	80692	MATCH
sia_csmith_076.c	oracle	0	1.05	1.04	89068	MATCH
sia_csmith_076.c	lean	0	2.76	2.76	111796	MATCH
sia_csmith_077.c	oracle	0	0.06	0.05	49180	MATCH
sia_csmith_077.c	lean	0	0.11	0.10	80656	MATCH
sia_csmith_078.c	oracle	0	0.35	0.34	66828	MATCH
sia_csmith_078.c	lean	0	0.87	0.87	94628	MATCH
sia_csmith_079.c	oracle	124	15.05	15.04	651876	CERB_SKIP
sia_csmith_079.c	lean	NA	NA	NA	NA	CERB_SKIP
sia_csmith_080.c	oracle	0	0.04	0.04	49016	MATCH
sia_csmith_080.c	lean	0	0.07	0.06	81580	MATCH
sia_csmith_081.c	oracle	0	0.07	0.07	55276	MATCH
sia_csmith_081.c	lean	0	0.14	0.14	92168	MATCH
sia_csmith_082.c	oracle	0	0.06	0.05	49428	MATCH
sia_csmith_082.c	lean	0	0.10	0.09	81568	MATCH
sia_csmith_083.c	oracle	0	0.05	0.04	50168	MATCH
sia_csmith_083.c	lean	0	0.07	0.06	84480	MATCH
sia_csmith_084.c	oracle	0	0.04	0.03	48548	MATCH
sia_csmith_084.c	lean	0	0.06	0.05	81584	MATCH
sia_csmith_085.c	oracle	0	0.04	0.04	48364	MATCH
sia_csmith_085.c	lean	0	0.07	0.06	80760	MATCH
sia_csmith_086.c	oracle	0	0.09	0.09	52140	MATCH
sia_csmith_086.c	lean	0	0.21	0.20	80632	MATCH
sia_csmith_087.c	oracle	0	0.04	0.03	49280	MATCH
sia_csmith_087.c	lean	0	0.06	0.06	81920	MATCH
sia_csmith_088.c	oracle	0	1.38	1.38	111504	MATCH
sia_csmith_088.c	lean	0	3.63	3.63	134424	MATCH
